bet_id,recommended_at,date,gamePk,matchup,first_pitch,market,side,line,book,price,fair_prob,fair_american,edge_pred,confidence,units_risked,status,units_pl,final_runs_h,final_runs_a,f5_runs,first_inn_runs,settled_at,player_id,player_name,actual_result,closing_price,closing_fair_prob,clv_pct,beat_close,notes
1,2026-04-25T06:24:36.684571Z,2026-04-25,822826,Cleveland Guardians @ Toronto Blue Jays,2026-04-25T19:07:00Z,total,over,8.0,draftkings,-105,0.6035,-152,0.1783,7,1.5,push,0.0000,5,3,2,0,2026-04-26T02:19:12.242673Z,,,,,,,, push
2,2026-04-25T06:24:36.684571Z,2026-04-25,822910,Athletics @ Texas Rangers,2026-04-25T23:05:00Z,total,over,8.0,draftkings,-107,0.6255,-167,0.2101,7,1.5,lost,-1.5000,4,3,5,0,2026-04-26T02:19:12.242673Z,,,,,,,,
3,2026-04-25T06:24:36.684571Z,2026-04-25,822989,Minnesota Twins @ Tampa Bay Rays,2026-04-25T20:10:00Z,total,over,8.0,fanduel,-110,0.6064,-154,0.1577,7,1.5,lost,-1.5000,6,1,2,0,2026-04-26T02:19:12.242673Z,,,,,,,,
4,2026-04-25T06:24:36.684571Z,2026-04-25,822989,Minnesota Twins @ Tampa Bay Rays,2026-04-25T20:10:00Z,runline,away,1.5,fanduel,-194,0.6865,-219,0.0404,5,0.5,lost,-0.5000,6,1,2,0,2026-04-26T02:19:12.242673Z,,,,,,,,
5,2026-04-25T06:24:36.684571Z,2026-04-25,823070,Seattle Mariners @ St. Louis Cardinals,2026-04-25T18:15:00Z,runline,home,1.5,draftkings,-136,0.7498,-300,0.3010,7,1.5,lost,-1.5000,9,11,13,4,2026-04-26T02:19:12.242673Z,,,,,,,,
6,2026-04-25T06:24:36.684571Z,2026-04-25,823229,Miami Marlins @ San Francisco Giants,2026-04-25T20:05:00Z,total,over,7.5,fanduel,-105,0.5665,-131,0.1060,7,1.5,won,1.4286,6,2,2,0,2026-04-26T02:19:12.242673Z,,,,,,,,
7,2026-04-25T06:24:36.684571Z,2026-04-25,823637,Colorado Rockies @ New York Mets,2026-04-25T20:10:00Z,runline,away,1.5,draftkings,-122,0.7019,-235,0.2772,7,1.5,won,1.2295,0,3,3,0,2026-04-27T17:13:55.695929Z,,,,,,,,
8,2026-04-25T06:24:36.684571Z,2026-04-25,823960,Chicago Cubs @ Los Angeles Dodgers,2026-04-25T23:15:00Z,total,under,9.5,fanduel,-115,0.6709,-204,0.2544,7,1.5,lost,-1.5000,12,4,12,0,2026-04-26T16:28:53.267553Z,,,,,,,,
9,2026-04-25T06:24:36.684571Z,2026-04-25,824121,Los Angeles Angels @ Kansas City Royals,2026-04-25T23:10:00Z,runline,away,1.5,draftkings,-156,0.7222,-260,0.1852,7,1.5,lost,-1.5000,12,1,5,0,2026-04-26T02:19:12.242673Z,,,,,,,,
10,2026-04-25T06:24:36.684571Z,2026-04-25,824203,New York Yankees @ Houston Astros,2026-04-25T23:10:00Z,total,under,9.0,betmgm,100,0.6763,-209,0.3527,7,1.5,lost,-1.5000,3,8,3,1,2026-04-26T02:19:12.242673Z,,,,,,,,
11,2026-04-25T06:24:36.684571Z,2026-04-25,824527,Detroit Tigers @ Cincinnati Reds,2026-04-25T23:15:00Z,runline,home,1.5,draftkings,-175,0.7376,-281,0.1592,7,1.5,won,0.8571,9,2,8,5,2026-04-26T02:19:12.242673Z,,,,,,,,
12,2026-04-25T06:24:36.684571Z,2026-04-25,824613,Washington Nationals @ Chicago White Sox,2026-04-25T20:10:00Z,runline,away,1.5,draftkings,-175,0.6991,-232,0.0987,7,1.5,won,0.8571,3,6,2,0,2026-04-26T02:19:12.242673Z,,,,,,,,
13,2026-04-25T06:24:36.684571Z,2026-04-25,824613,Washington Nationals @ Chicago White Sox,2026-04-25T20:10:00Z,total,over,8.5,betmgm,-120,0.5714,-133,0.0476,5,0.5,won,0.4167,3,6,2,0,2026-04-26T02:19:12.242673Z,,,,,,,,
14,2026-04-25T06:24:36.684571Z,2026-04-25,824851,Boston Red Sox @ Baltimore Orioles,2026-04-25T16:05:00Z,total,over,7.5,draftkings,-115,0.6958,-229,0.3009,7,1.5,won,1.3043,1,17,7,0,2026-04-26T02:19:12.242673Z,,,,,,,,
15,2026-04-25T06:24:36.684571Z,2026-04-25,824933,Philadelphia Phillies @ Atlanta Braves,2026-04-25T23:15:00Z,total,over,8.5,fanduel,-112,0.5841,-140,0.1057,7,1.5,won,1.3393,5,8,5,1,2026-04-26T16:28:53.267553Z,,,,,,,,
16,2026-04-25T06:24:36.684571Z,2026-04-25,825093,San Diego Padres @ Arizona Diamondbacks,2026-04-25T22:05:00Z,total,under,15.5,fanduel,-102,0.9000,-900,0.7824,9,2.0,won,1.9608,4,6,5,0,2026-04-26T02:19:12.242673Z,,,,,,,,
17,2026-04-25T06:43:41.579777Z,2026-04-25,823799,Pittsburgh Pirates @ Milwaukee Brewers,2026-04-25T23:10:00Z,moneyline,home,,fanduel,-132,0.6250,-167,0.0985,8,1.5,lost,-1.5000,3,6,4,0,2026-04-26T02:19:12.242673Z,,,,,,,,
18,2026-04-25T06:43:41.579777Z,2026-04-25,823799,Pittsburgh Pirates @ Milwaukee Brewers,2026-04-25T23:10:00Z,total,under,8.0,draftkings,-110,0.5448,-120,0.0400,5,0.5,lost,-0.5000,3,6,4,0,2026-04-26T02:19:12.242673Z,,,,,,,,
19,2026-04-25T06:43:41.579777Z,2026-04-25,824527,Detroit Tigers @ Cincinnati Reds,2026-04-25T23:15:00Z,moneyline,home,,fanduel,-108,0.5450,-120,0.0496,5,0.5,won,0.4630,9,2,8,5,2026-04-26T02:19:12.242673Z,,,,,,,,
20,2026-04-25T07:28:32.775900Z,2026-04-25,823799,Pittsburgh Pirates @ Milwaukee Brewers,2026-04-25T23:10:00Z,total,over,8.0,fanduel,-106,0.5547,-125,0.0780,6,0.5,won,0.4717,3,6,4,0,2026-04-26T02:19:12.242673Z,,,,,,,,
21,2026-04-25T07:28:32.775900Z,2026-04-25,824851,Boston Red Sox @ Baltimore Orioles,2026-04-25T16:05:00Z,runline,home,1.5,draftkings,-194,0.7319,-273,0.1091,6,0.5,lost,-0.5000,1,17,7,0,2026-04-26T02:19:12.242673Z,,,,,,,,
22,2026-04-25T16:33:50.284407Z,2026-04-25,822826,Cleveland Guardians @ Toronto Blue Jays,2026-04-25T19:07:00Z,total,over,7.5,betmgm,100,0.6490,-185,0.2979,6,0.5,won,0.5000,5,3,2,0,2026-04-26T02:19:12.242673Z,,,,,,,,
23,2026-04-25T16:33:50.284407Z,2026-04-25,822910,Athletics @ Texas Rangers,2026-04-25T23:05:00Z,total,over,8.0,fanduel,-106,0.6255,-167,0.2156,6,0.5,lost,-0.5000,4,3,5,0,2026-04-26T02:19:12.242673Z,,,,,,,,
24,2026-04-25T16:33:50.284407Z,2026-04-25,822989,Minnesota Twins @ Tampa Bay Rays,2026-04-25T20:10:00Z,total,over,8.5,fanduel,100,0.5576,-126,0.1153,6,0.5,lost,-0.5000,6,1,2,0,2026-04-26T02:19:12.242673Z,,,,,,,,
25,2026-04-25T16:33:50.284407Z,2026-04-25,823229,Miami Marlins @ San Francisco Giants,2026-04-25T20:05:00Z,runline,home,1.5,draftkings,-188,0.7393,-284,0.1325,6,0.5,won,0.2660,6,2,2,0,2026-04-26T02:19:12.242673Z,,,,,,,,
26,2026-04-25T16:33:50.284407Z,2026-04-25,823799,Pittsburgh Pirates @ Milwaukee Brewers,2026-04-25T23:10:00Z,runline,away,1.5,fanduel,-176,0.6959,-229,0.0912,6,0.5,won,0.2841,3,6,4,0,2026-04-26T02:19:12.242673Z,,,,,,,,
27,2026-04-25T16:33:50.284407Z,2026-04-25,824121,Los Angeles Angels @ Kansas City Royals,2026-04-25T23:10:00Z,runline,away,1.5,fanduel,-162,0.7167,-253,0.1592,6,0.5,lost,-0.5000,12,1,5,0,2026-04-26T02:19:12.242673Z,,,,,,,,
28,2026-04-25T16:33:50.284407Z,2026-04-25,824203,New York Yankees @ Houston Astros,2026-04-25T23:10:00Z,total,under,9.0,draftkings,102,0.6772,-210,0.3680,6,0.5,lost,-0.5000,3,8,3,1,2026-04-26T02:19:12.242673Z,,,,,,,,
29,2026-04-25T16:33:50.284407Z,2026-04-25,824527,Detroit Tigers @ Cincinnati Reds,2026-04-25T23:15:00Z,runline,home,1.5,fanduel,-166,0.7443,-291,0.1926,6,0.5,won,0.3012,9,2,8,5,2026-04-26T02:19:12.242673Z,,,,,,,,
30,2026-04-25T16:33:50.284407Z,2026-04-25,824613,Washington Nationals @ Chicago White Sox,2026-04-25T20:10:00Z,total,over,8.5,fanduel,100,0.5714,-133,0.1428,6,0.5,won,0.5000,3,6,2,0,2026-04-26T02:19:12.242673Z,,,,,,,,
31,2026-04-25T16:33:50.284407Z,2026-04-25,824933,Philadelphia Phillies @ Atlanta Braves,2026-04-25T23:15:00Z,total,over,8.5,betmgm,-115,0.5841,-140,0.0921,6,0.5,won,0.4348,5,8,5,1,2026-04-26T16:28:53.267553Z,,,,,,,,
32,2026-04-25T16:33:50.284407Z,2026-04-25,825093,San Diego Padres @ Arizona Diamondbacks,2026-04-25T22:05:00Z,runline,home,1.5,fanduel,-152,0.7371,-280,0.2220,6,0.5,lost,-0.5000,4,6,5,0,2026-04-26T02:19:12.242673Z,,,,,,,,
33,2026-04-25T17:37:54.203555Z,2026-04-25,824933,Philadelphia Phillies @ Atlanta Braves,2026-04-25T23:15:00Z,total,over,8.5,draftkings,-115,0.5841,-140,0.0921,6,0.5,won,0.4348,5,8,5,1,2026-04-26T16:28:53.267553Z,,,,,,,,
34,2026-04-26T02:25:00.310606Z,2026-04-25,822826,Cleveland Guardians @ Toronto Blue Jays,2026-04-25T19:07:00Z,total,over,8.5,fanduel,-102,0.5616,-128,0.1122,6,0.5,lost,-0.5000,5,3,2,0,2026-04-26T16:28:53.267553Z,,,,,,,,
35,2026-04-26T02:25:00.310606Z,2026-04-25,823070,Seattle Mariners @ St. Louis Cardinals,2026-04-25T18:15:00Z,runline,home,1.5,fanduel,-142,0.7382,-282,0.2581,6,0.5,lost,-0.5000,9,11,13,4,2026-04-26T16:28:53.267553Z,,,,,,,,
36,2026-04-26T02:25:00.310606Z,2026-04-25,823229,Miami Marlins @ San Francisco Giants,2026-04-25T20:05:00Z,total,over,7.5,draftkings,-105,0.5695,-132,0.1118,6,0.5,won,0.4762,6,2,2,0,2026-04-26T16:28:53.267553Z,,,,,,,,
37,2026-04-26T02:25:00.310606Z,2026-04-25,823637,Colorado Rockies @ New York Mets,2026-04-25T20:10:00Z,moneyline,away,,fanduel,190,0.4665,114,0.3529,6,0.5,won,0.9500,0,3,3,0,2026-04-27T17:13:55.695929Z,,,,,,,,
38,2026-04-26T02:25:00.310606Z,2026-04-25,823960,Chicago Cubs @ Los Angeles Dodgers,2026-04-25T23:15:00Z,runline,away,7.5,betmgm,210,0.6967,-230,1.1597,6,0.5,lost,-0.5000,12,4,12,0,2026-04-26T16:28:53.267553Z,,,,,,,,
39,2026-04-26T02:25:00.310606Z,2026-04-25,824121,Los Angeles Angels @ Kansas City Royals,2026-04-25T23:10:00Z,runline,home,1.5,draftkings,-195,0.7475,-296,0.1309,6,0.5,won,0.2564,12,1,5,0,2026-04-26T16:28:53.267553Z,,,,,,,,
40,2026-04-26T02:25:00.310606Z,2026-04-25,824203,New York Yankees @ Houston Astros,2026-04-25T23:10:00Z,moneyline,home,,betmgm,3300,0.5350,-115,17.1900,6,0.5,lost,-0.5000,3,8,3,1,2026-04-26T16:28:53.267553Z,,,,,,,,
41,2026-04-26T02:25:00.310606Z,2026-04-25,824527,Detroit Tigers @ Cincinnati Reds,2026-04-25T23:15:00Z,runline,away,6.5,betmgm,450,0.7014,-235,2.8574,6,0.5,lost,-0.5000,9,2,8,5,2026-04-26T16:28:53.267553Z,,,,,,,,
42,2026-04-26T02:25:00.310606Z,2026-04-25,824851,Boston Red Sox @ Baltimore Orioles,2026-04-25T16:05:00Z,total,over,8.0,fanduel,100,0.6378,-176,0.2755,6,0.5,won,0.5000,1,17,7,0,2026-04-26T16:28:53.267553Z,,,,,,,,
43,2026-04-26T02:25:00.310606Z,2026-04-25,824933,Philadelphia Phillies @ Atlanta Braves,2026-04-25T23:15:00Z,total,under,9.5,fanduel,-112,0.6131,-158,0.1606,6,0.5,lost,-0.5000,5,8,5,1,2026-04-26T16:28:53.267553Z,,,,,,,,
44,2026-04-26T02:25:00.310606Z,2026-04-25,825093,San Diego Padres @ Arizona Diamondbacks,2026-04-25T22:05:00Z,runline,home,1.5,betmgm,-130,0.7371,-280,0.3041,6,0.5,lost,-0.5000,4,6,5,0,2026-04-26T16:28:53.267553Z,,,,,,,,
45,2026-04-26T16:33:03.357338Z,2026-04-26,822824,Cleveland Guardians @ Toronto Blue Jays,2026-04-26T17:37:00Z,total,over,8.5,fanduel,-102,0.6026,-152,0.1933,6,0.5,lost,-0.5000,4,2,4,2,2026-04-27T17:13:55.695929Z,,,,,,,,
46,2026-04-26T16:33:03.357338Z,2026-04-26,823068,Seattle Mariners @ St. Louis Cardinals,2026-04-26T18:15:00Z,runline,home,1.5,draftkings,-149,0.7484,-297,0.2506,6,0.5,won,0.3356,2,3,2,0,2026-04-27T17:13:55.695929Z,,,,,,,,
47,2026-04-26T16:33:03.357338Z,2026-04-26,823230,Miami Marlins @ San Francisco Giants,2026-04-26T20:05:00Z,total,over,7.5,betmgm,-105,0.5822,-139,0.1367,6,0.5,won,0.4762,6,3,4,0,2026-04-27T17:13:55.695929Z,,,,,,,,
48,2026-04-26T16:33:03.357338Z,2026-04-26,823635,Colorado Rockies @ New York Mets,2026-04-26T17:40:00Z,total,over,7.5,fanduel,-102,0.6265,-168,0.2406,6,0.5,lost,-0.5000,1,3,2,0,2026-04-27T17:13:55.695929Z,,,,,,,,
49,2026-04-26T16:33:03.357338Z,2026-04-26,823797,Pittsburgh Pirates @ Milwaukee Brewers,2026-04-26T18:10:00Z,total,over,7.5,fanduel,-108,0.6331,-173,0.2192,6,0.5,lost,-0.5000,5,0,5,0,2026-04-27T17:13:55.695929Z,,,,,,,,
50,2026-04-26T16:33:03.357338Z,2026-04-26,824122,Los Angeles Angels @ Kansas City Royals,2026-04-26T20:10:00Z,runline,home,1.5,draftkings,-192,0.7388,-283,0.1235,6,0.5,won,0.2604,11,9,7,2,2026-04-27T17:13:55.695929Z,,,,,,,,
51,2026-04-26T16:33:03.357338Z,2026-04-26,824202,New York Yankees @ Houston Astros,2026-04-26T18:10:00Z,total,under,9.5,fanduel,-110,0.6763,-209,0.2912,6,0.5,lost,-0.5000,7,4,7,2,2026-04-27T17:13:55.695929Z,,,,,,,,
52,2026-04-26T16:33:03.357338Z,2026-04-26,824528,Detroit Tigers @ Cincinnati Reds,2026-04-26T17:40:00Z,runline,home,1.5,draftkings,-170,0.7352,-278,0.1676,6,0.5,lost,-0.5000,3,8,5,2,2026-04-27T17:13:55.695929Z,,,,,,,,
53,2026-04-26T16:33:03.357338Z,2026-04-26,824612,Washington Nationals @ Chicago White Sox,2026-04-26T18:10:00Z,total,over,7.5,fanduel,-104,0.6888,-221,0.3511,6,0.5,lost,-0.5000,1,2,0,0,2026-04-27T17:13:55.695929Z,,,,,,,,
54,2026-04-26T16:33:03.357338Z,2026-04-26,824852,Boston Red Sox @ Baltimore Orioles,2026-04-26T17:35:00Z,total,over,7.5,fanduel,-110,0.6879,-220,0.3133,6,0.5,won,0.4545,3,5,4,0,2026-04-27T17:13:55.695929Z,,,,,,,,
55,2026-04-26T16:33:03.357338Z,2026-04-26,824934,Philadelphia Phillies @ Atlanta Braves,2026-04-26T17:35:00Z,runline,away,1.5,betmgm,-110,0.7112,-246,0.3578,6,0.5,lost,-0.5000,6,2,6,3,2026-04-27T17:13:55.695929Z,,,,,,,,
56,2026-04-26T16:33:03.357338Z,2026-04-26,825094,San Diego Padres @ Arizona Diamondbacks,2026-04-26T20:05:00Z,runline,home,1.5,fanduel,-120,0.7332,-275,0.3443,6,0.5,won,0.4167,12,7,7,0,2026-04-27T17:13:55.695929Z,,,,,,,,
57,2026-04-26T17:30:53.054489Z,2026-04-26,823068,Seattle Mariners @ St. Louis Cardinals,2026-04-26T18:15:00Z,moneyline,home,,fanduel,114,0.5460,-120,0.1684,6,0.5,lost,-0.5000,2,3,2,0,2026-04-27T17:13:55.695929Z,,,,,,,,
58,2026-04-26T17:30:53.054489Z,2026-04-26,823637,Colorado Rockies @ New York Mets,2026-04-26T17:45:00Z,moneyline,away,,draftkings,209,0.4510,122,0.3936,6,0.5,won,1.0450,0,3,3,0,2026-04-27T17:13:55.695929Z,,,,,,,,
59,2026-04-26T17:30:53.054489Z,2026-04-26,823959,Chicago Cubs @ Los Angeles Dodgers,2026-04-26T20:10:00Z,total,under,9.0,fanduel,-110,0.5968,-148,0.1393,6,0.5,won,0.4545,6,0,3,3,2026-04-27T17:13:55.695929Z,,,,,,,,
60,2026-04-26T17:30:53.054489Z,2026-04-26,824852,Boston Red Sox @ Baltimore Orioles,2026-04-26T17:35:00Z,total,over,7.5,draftkings,-105,0.6862,-219,0.3396,6,0.5,won,0.4762,3,5,4,0,2026-04-27T17:13:55.695929Z,,,,,,,,
61,2026-04-26T17:30:53.054489Z,2026-04-26,824934,Philadelphia Phillies @ Atlanta Braves,2026-04-26T17:35:00Z,moneyline,away,,betmgm,185,0.4635,116,0.3210,6,0.5,lost,-0.5000,6,2,6,3,2026-04-27T17:13:55.695929Z,,,,,,,,
62,2026-04-26T17:30:53.054489Z,2026-04-26,825094,San Diego Padres @ Arizona Diamondbacks,2026-04-26T20:05:00Z,moneyline,home,,fanduel,114,0.5190,-108,0.1107,6,0.5,won,0.5700,12,7,7,0,2026-04-27T17:13:55.695929Z,,,,,,,,
63,2026-04-26T17:39:35.435779Z,2026-04-26,823635,Colorado Rockies @ New York Mets,2026-04-26T17:40:00Z,moneyline,away,,fanduel,220,0.4510,122,0.4432,6,0.5,won,1.1000,1,3,2,0,2026-04-27T17:13:55.695929Z,,,,,,,,
64,2026-04-26T17:39:35.435779Z,2026-04-26,823637,Colorado Rockies @ New York Mets,2026-04-26T17:45:00Z,moneyline,away,,fanduel,220,0.4625,116,0.4800,6,0.5,won,1.1000,0,3,3,0,2026-04-27T17:13:55.695929Z,,,,,,,,
65,2026-04-26T17:39:35.435779Z,2026-04-26,824934,Philadelphia Phillies @ Atlanta Braves,2026-04-26T17:35:00Z,moneyline,away,,fanduel,200,0.4635,116,0.3905,6,0.5,lost,-0.5000,6,2,6,3,2026-04-27T17:13:55.695929Z,,,,,,,,
66,2026-04-26T17:47:18.800272Z,2026-04-26,824612,Washington Nationals @ Chicago White Sox,2026-04-26T18:10:00Z,total,over,7.5,draftkings,-102,0.6897,-222,0.3659,6,0.5,lost,-0.5000,1,2,0,0,2026-04-27T17:13:55.695929Z,,,,,,,,
67,2026-04-26T17:47:18.800272Z,2026-04-26,824934,Philadelphia Phillies @ Atlanta Braves,2026-04-26T17:35:00Z,moneyline,away,,draftkings,364,0.4900,104,1.2736,6,0.5,lost,-0.5000,6,2,6,3,2026-04-27T17:13:55.695929Z,,,,,,,,
68,2026-04-27T17:16:40.926595Z,2026-04-27,822906,New York Yankees @ Texas Rangers,2026-04-28T00:05:00Z,moneyline,home,,fanduel,142,0.5580,-126,0.3504,6,0.5,lost,-0.5000,2,4,4,0,2026-04-28T17:27:24.894996Z,,,,,,,,
69,2026-04-27T17:16:40.926595Z,2026-04-27,823311,Chicago Cubs @ San Diego Padres,2026-04-28T01:40:00Z,total,over,7.5,draftkings,-112,0.6083,-155,0.1515,6,0.5,won,0.4464,9,7,11,3,2026-04-28T17:27:24.894996Z,,,,,,,,
70,2026-04-27T17:16:40.926595Z,2026-04-27,823719,Seattle Mariners @ Minnesota Twins,2026-04-27T23:40:00Z,moneyline,home,,fanduel,112,0.5490,-122,0.1639,6,0.5,won,0.5600,11,4,9,0,2026-04-28T17:27:24.894996Z,,,,,,,,
71,2026-04-27T17:16:40.926595Z,2026-04-27,823961,Miami Marlins @ Los Angeles Dodgers,2026-04-28T02:10:00Z,moneyline,away,,draftkings,248,0.4990,100,0.7365,6,0.5,lost,-0.5000,5,4,6,2,2026-04-28T17:27:24.894996Z,,,,,,,,
72,2026-04-27T17:16:40.926595Z,2026-04-27,824446,Tampa Bay Rays @ Cleveland Guardians,2026-04-27T22:10:00Z,total,over,8.0,betmgm,-115,0.6150,-160,0.1499,6,0.5,lost,-0.5000,2,3,2,0,2026-04-28T17:27:24.894996Z,,,,,,,,
73,2026-04-28T17:33:46.129573Z,2026-04-28,822823,Boston Red Sox @ Toronto Blue Jays,2026-04-28T23:07:00Z,moneyline,away,,fanduel,-102,0.5326,-114,0.0548,9,1.0,lost,-1.0000,3,0,3,0,2026-04-30T16:09:20.142697Z,,,,,,,,
74,2026-04-30T16:13:17.915252Z,2026-04-30,823471,San Francisco Giants @ Philadelphia Phillies,2026-04-30T21:35:00Z,moneyline,away,,draftkings,123,0.4785,109,0.0671,6,0.5,lost,-0.5000,6,5,6,2,2026-05-01T15:39:10.912663Z,,,,,,,,
75,2026-04-30T16:13:17.915252Z,2026-04-30,824524,Colorado Rockies @ Cincinnati Reds,2026-04-30T16:40:00Z,moneyline,away,,betmgm,140,0.4332,131,0.0397,7,0.5,lost,-0.5000,6,4,5,2,2026-05-01T15:39:10.912663Z,,,,,,,,
76,2026-04-30T16:13:17.915252Z,2026-04-30,824929,Detroit Tigers @ Atlanta Braves,2026-04-30T16:15:00Z,moneyline,home,,fanduel,-122,0.5882,-143,0.0703,10,1.5,lost,-1.5000,2,5,2,0,2026-05-01T15:39:10.912663Z,,,,,,,,
77,2026-04-30T17:08:34.998560Z,2026-04-30,823472,San Francisco Giants @ Philadelphia Phillies,2026-04-30T16:35:00Z,moneyline,home,,draftkings,127,0.4929,103,0.1189,6,0.5,won,0.6350,3,2,3,3,2026-05-01T15:39:10.912663Z,,,,,,,,
78,2026-04-30T17:08:34.998560Z,2026-04-30,824850,Houston Astros @ Baltimore Orioles,2026-04-30T16:40:00Z,moneyline,home,,fanduel,-140,0.6090,-156,0.0440,6,0.5,lost,-0.5000,5,11,14,5,2026-05-01T15:39:10.912663Z,,,,,,,,
79,2026-04-30T17:08:34.998560Z,2026-04-30,824929,Detroit Tigers @ Atlanta Braves,2026-04-30T16:15:00Z,total,over,7.5,betmgm,110,0.5134,-106,0.0782,6,0.5,lost,-0.5000,2,5,2,0,2026-05-01T15:39:10.912663Z,,,,,,,,
80,2026-05-01T15:45:59.123177Z,2026-05-01,823557,Baltimore Orioles @ New York Yankees,2026-05-01T23:05:00Z,moneyline,home,,betmgm,-175,0.6660,-199,0.0466,8,1.0,won,0.5714,7,2,6,1,2026-05-02T15:32:12.877851Z,,,,,,,,
81,2026-05-01T15:45:59.123177Z,2026-05-01,824772,Houston Astros @ Boston Red Sox,2026-05-01T23:10:00Z,moneyline,home,,fanduel,-120,0.5700,-133,0.0450,7,0.5,won,0.4167,3,1,4,0,2026-05-02T15:32:12.877851Z,,,,,,,,
82,2026-05-01T16:44:07.112101Z,2026-05-01,823713,Toronto Blue Jays @ Minnesota Twins,2026-05-02T00:10:00Z,moneyline,away,,betmgm,-105,0.5326,-114,0.0398,7,0.5,won,0.4762,3,7,8,0,2026-05-02T15:32:12.877851Z,,,,,,,,
83,2026-05-02T15:34:50.666872Z,2026-05-02,823876,Philadelphia Phillies @ Miami Marlins,2026-05-02T20:10:00Z,total,over,8.5,betmgm,100,0.5335,-114,0.0671,6,0.5,lost,-0.5000,4,0,3,0,2026-05-03T15:30:43.553001Z,,,,,,,,
84,2026-05-02T15:34:50.666872Z,2026-05-02,825014,Cleveland Guardians @ Athletics,2026-05-02T20:05:00Z,moneyline,away,,draftkings,119,0.4750,111,0.0402,7,0.5,won,0.5950,6,14,9,2,2026-05-03T15:30:43.553001Z,,,,,,,,
85,2026-05-02T16:32:26.967880Z,2026-05-02,823308,Chicago White Sox @ San Diego Padres,2026-05-03T00:40:00Z,moneyline,away,,fanduel,154,0.4058,146,0.0307,6,0.5,won,0.7700,0,4,0,0,2026-05-03T15:30:43.553001Z,,,,,,,,
86,2026-05-03T15:34:20.385162Z,2026-05-03,822987,San Francisco Giants @ Tampa Bay Rays,2026-05-03T17:40:00Z,moneyline,home,,betmgm,-120,0.5627,-129,0.0316,6,0.5,won,0.4167,2,1,1,1,2026-05-04T16:22:45.781971Z,,,,,,,,
87,2026-05-03T15:34:20.385162Z,2026-05-03,823307,Chicago White Sox @ San Diego Padres,2026-05-03T20:10:00Z,moneyline,away,,draftkings,159,0.4006,150,0.0376,7,0.5,lost,-0.5000,4,3,4,0,2026-05-04T16:22:45.781971Z,,,,,,,,
88,2026-05-03T16:36:44.446917Z,2026-05-03,824769,Houston Astros @ Boston Red Sox,2026-05-03T17:35:00Z,moneyline,home,,fanduel,-180,0.6653,-199,0.0349,7,0.5,lost,-0.5000,1,3,1,0,2026-05-04T16:22:45.781971Z,,,,,,,,
89,2026-05-04T16:27:13.589664Z,2026-05-04,824039,Chicago White Sox @ Los Angeles Angels,2026-05-05T01:38:00Z,moneyline,away,,betmgm,140,0.4338,131,0.0411,6,0.5,won,0.7000,0,6,5,2,2026-05-05T16:21:22.773399Z,,,,,,,,
90,2026-05-05T16:24:01.295497Z,2026-05-05,823142,Atlanta Braves @ Seattle Mariners,2026-05-06T01:40:00Z,moneyline,away,,fanduel,116,0.4793,109,0.0353,7,0.5,won,0.5800,2,3,4,0,2026-05-06T16:18:20.768227Z,,,,,,,,
91,2026-05-05T16:24:01.295497Z,2026-05-05,824682,Cincinnati Reds @ Chicago Cubs,2026-05-05T23:40:00Z,moneyline,home,,fanduel,-158,0.6340,-173,0.0353,7,0.5,won,0.3165,3,2,1,1,2026-05-06T16:18:20.768227Z,,,,,,,,
92,2026-05-06T16:21:02.160888Z,2026-05-06,824198,Los Angeles Dodgers @ Houston Astros,2026-05-06T18:10:00Z,moneyline,away,,fanduel,-215,0.7110,-246,0.0417,8,0.5,won,0.2326,2,12,11,1,2026-05-07T16:27:04.570215Z,,,,,,,,
93,2026-05-06T16:21:02.160888Z,2026-05-06,824361,New York Mets @ Colorado Rockies,2026-05-07T01:20:00Z,total,under,9.5,fanduel,-106,0.5385,-117,0.0466,6,0.5,lost,-0.5000,5,10,4,1,2026-05-07T16:27:04.570215Z,,,,,,,,
94,2026-05-06T16:21:02.160888Z,2026-05-06,825091,Pittsburgh Pirates @ Arizona Diamondbacks,2026-05-07T01:40:00Z,moneyline,home,,fanduel,112,0.4887,105,0.0360,7,0.5,lost,-0.5000,0,1,1,1,2026-05-07T16:27:04.570215Z,,,,,,,,
95,2026-05-07T17:27:43.732782Z,2026-05-07,823551,Texas Rangers @ New York Yankees,2026-05-07T16:35:00Z,moneyline,home,,fanduel,-265,0.7814,-357,0.0763,9,1.5,won,0.5660,9,2,3,1,2026-05-08T16:03:44.754740Z,,,,,,,,
96,2026-05-09T15:42:45.016916Z,2026-05-09,824523,Houston Astros @ Cincinnati Reds,2026-05-09T20:10:00Z,moneyline,away,,fanduel,136,0.4596,118,0.0847,10,1.5,lost,-1.5000,3,1,4,0,2026-05-10T15:37:03.746887Z,,,,,,,,
97,2026-05-09T15:42:45.016916Z,2026-05-09,824766,Tampa Bay Rays @ Boston Red Sox,2026-05-09T20:10:00Z,moneyline,away,,draftkings,129,0.4509,122,0.0326,6,0.5,void,0.0000,,,,,2026-05-26T04:21:31.634773Z,,,,,,,," auto-void: 16d past first pitch, game not Final (likely postponed)"
98,2026-05-09T15:42:45.016916Z,2026-05-09,825089,New York Mets @ Arizona Diamondbacks,2026-05-09T23:15:00Z,moneyline,home,,fanduel,-102,0.5237,-110,0.0371,7,0.5,won,0.4902,2,1,3,0,2026-05-10T15:37:03.746887Z,,,,,,,,
99,2026-05-10T16:39:21.831168Z,2026-05-10,823868,Washington Nationals @ Miami Marlins,2026-05-10T16:15:00Z,moneyline,away,,fanduel,130,0.4780,109,0.0994,9,1.5,lost,-1.5000,5,2,4,0,2026-05-11T17:13:07.447015Z,,,,,,,,
100,2026-05-10T16:39:21.831168Z,2026-05-10,824440,Minnesota Twins @ Cleveland Guardians,2026-05-10T17:40:00Z,moneyline,home,,fanduel,-162,0.6422,-179,0.0386,7,0.5,lost,-0.5000,4,5,7,0,2026-05-11T17:13:07.447015Z,,,,,,,,
101,2026-05-10T16:39:21.831168Z,2026-05-10,824520,Houston Astros @ Cincinnati Reds,2026-05-10T17:40:00Z,moneyline,away,,draftkings,100,0.5297,-113,0.0594,8,1.0,lost,-1.0000,5,0,4,0,2026-05-11T17:13:07.447015Z,,,,,,,,
102,2026-05-12T16:59:16.283005Z,2026-05-12,823712,Miami Marlins @ Minnesota Twins,2026-05-12T23:40:00Z,moneyline,away,,fanduel,-102,0.5242,-110,0.0381,7,0.5,lost,-0.5000,3,0,3,0,2026-05-13T17:02:28.630075Z,,,,,,,,
103,2026-05-13T17:06:40.359941Z,2026-05-13,822900,Arizona Diamondbacks @ Texas Rangers,2026-05-14T00:05:00Z,moneyline,away,,betmgm,-102,0.5214,-109,0.0326,6,0.5,lost,-0.5000,6,5,3,0,2026-05-14T16:33:33.851233Z,,,,,,,,
104,2026-05-13T17:06:40.359941Z,2026-05-13,824519,Washington Nationals @ Cincinnati Reds,2026-05-13T22:40:00Z,moneyline,away,,betmgm,140,0.4415,127,0.0596,8,1.0,won,1.4000,7,8,12,5,2026-05-14T16:33:33.851233Z,,,,,,,,
105,2026-05-14T16:35:34.197240Z,2026-05-14,824517,Washington Nationals @ Cincinnati Reds,2026-05-14T16:40:00Z,moneyline,away,,betmgm,135,0.4502,122,0.0580,8,1.0,lost,-1.0000,15,1,9,0,2026-05-15T16:26:57.921326Z,,,,,,,,
106,2026-05-15T16:31:17.075331Z,2026-05-15,824280,Toronto Blue Jays @ Detroit Tigers,2026-05-15T22:45:00Z,moneyline,away,,fanduel,-124,0.5711,-133,0.0317,6,0.5,lost,-0.5000,3,2,3,0,2026-05-16T15:40:35.882859Z,,,,,,,,
107,2026-05-16T16:40:03.261691Z,2026-05-16,825007,San Francisco Giants @ Athletics,2026-05-17T01:40:00Z,moneyline,home,,fanduel,-134,0.5914,-145,0.0327,6,0.5,lost,-0.5000,4,6,6,1,2026-05-17T15:44:00.814812Z,,,,,,,,
108,2026-05-17T15:47:26.170508Z,2026-05-17,823381,Philadelphia Phillies @ Pittsburgh Pirates,2026-05-17T17:35:00Z,moneyline,away,,fanduel,110,0.5086,-104,0.0681,9,1.5,won,1.6500,0,6,2,0,2026-05-18T17:19:51.200552Z,,,,,,,,
109,2026-05-17T15:47:26.170508Z,2026-05-17,825006,San Francisco Giants @ Athletics,2026-05-17T20:05:00Z,moneyline,home,,fanduel,-148,0.6192,-163,0.0376,7,0.5,lost,-0.5000,1,10,3,0,2026-05-18T17:19:51.200552Z,,,,,,,,
110,2026-05-17T16:44:15.037773Z,2026-05-17,823628,New York Yankees @ New York Mets,2026-05-17T17:40:00Z,moneyline,home,,betmgm,-110,0.5430,-119,0.0366,6,0.5,won,0.4545,7,6,2,0,2026-05-18T17:19:51.200552Z,,,,,,,,
111,2026-05-20T17:50:05.323954Z,2026-05-20,824032,Athletics @ Los Angeles Angels,2026-05-21T01:38:00Z,moneyline,away,,draftkings,-123,0.5753,-135,0.0430,7,0.5,won,0.4065,5,6,8,4,2026-05-21T17:20:40.229980Z,,,,,,,,
112,2026-05-20T17:50:05.323954Z,2026-05-20,824355,Texas Rangers @ Colorado Rockies,2026-05-20T19:10:00Z,moneyline,away,,fanduel,-118,0.5595,-127,0.0337,6,0.5,won,0.4237,4,5,7,1,2026-05-21T17:20:40.229980Z,,,,,,,,
113,2026-05-20T17:50:05.323954Z,2026-05-20,824678,Milwaukee Brewers @ Chicago Cubs,2026-05-20T23:40:00Z,moneyline,away,,fanduel,100,0.5156,-106,0.0312,6,0.5,won,0.5000,0,5,4,0,2026-05-21T17:20:40.229980Z,,,,,,,,
114,2026-05-20T18:11:29.661990Z,2026-05-20,823462,Cincinnati Reds @ Philadelphia Phillies,2026-05-20T17:05:00Z,total,over,10.5,betmgm,100,0.5225,-109,0.0449,6,0.5,won,0.5000,4,9,5,1,2026-05-21T17:20:40.229980Z,,,,,,,,
115,2026-05-22T17:02:01.560004Z,2026-05-22,823546,Tampa Bay Rays @ New York Yankees,2026-05-22T23:05:00Z,moneyline,away,,fanduel,130,0.4578,118,0.0529,8,1.0,won,1.3000,2,4,1,0,2026-05-23T15:47:08.687348Z,,,,,,,,
116,2026-05-22T17:02:01.560004Z,2026-05-22,824029,Texas Rangers @ Los Angeles Angels,2026-05-23T01:38:00Z,moneyline,away,,fanduel,-162,0.6506,-186,0.0522,9,1.0,lost,-1.0000,9,6,9,4,2026-05-23T15:47:08.687348Z,,,,,,,,
117,2026-05-22T17:32:17.328609Z,2026-05-22,823788,Los Angeles Dodgers @ Milwaukee Brewers,2026-05-22T23:40:00Z,moneyline,home,,fanduel,-104,0.5315,-113,0.0426,7,0.5,won,0.4808,5,1,5,4,2026-05-23T15:47:08.687348Z,,,,,,,,
118,2026-05-23T16:45:47.034744Z,2026-05-23,824030,Texas Rangers @ Los Angeles Angels,2026-05-24T02:05:00Z,moneyline,away,,fanduel,-136,0.6046,-153,0.0492,8,1.0,lost,-1.0000,5,2,4,2,2026-05-24T15:47:41.623090Z,,,,,,,,
119,2026-05-24T15:52:28.829119Z,2026-05-24,823861,New York Mets @ Miami Marlins,2026-05-24T17:40:00Z,moneyline,away,,fanduel,106,0.5052,-102,0.0407,6,0.5,lost,-0.5000,4,0,0,0,2026-05-25T16:53:27.650465Z,,,,,,,,
120,2026-05-24T16:44:06.240177Z,2026-05-24,823544,Tampa Bay Rays @ New York Yankees,2026-05-24T17:35:00Z,total,under,7.0,draftkings,-106,0.5327,-114,0.0352,6,0.5,won,0.4717,2,0,0,0,2026-05-25T16:53:27.650465Z,,,,,,,,
121,2026-05-24T16:44:06.240177Z,2026-05-24,824839,Detroit Tigers @ Baltimore Orioles,2026-05-24T16:35:00Z,moneyline,away,,fanduel,130,0.4856,106,0.1169,9,1.5,lost,-1.5000,5,3,2,0,2026-05-25T16:53:27.650465Z,,,,,,,,
122,2026-05-25T16:56:02.104045Z,2026-05-25,822899,Houston Astros @ Texas Rangers,2026-05-25T23:05:00Z,moneyline,away,,fanduel,108,0.5019,-101,0.0440,7,0.5,won,0.5400,0,9,4,1,2026-05-26T04:21:31.634773Z,,,,,,,,
123,2026-05-25T16:56:02.104045Z,2026-05-25,824838,Tampa Bay Rays @ Baltimore Orioles,2026-05-25T17:35:00Z,moneyline,away,,fanduel,-110,0.5523,-123,0.0544,9,1.0,lost,-1.0000,9,7,0,0,2026-05-26T04:21:31.634773Z,,,,,,,,
124,2026-05-26T04:25:03.664509Z,2026-05-26,822811,Miami Marlins @ Toronto Blue Jays,2026-05-26T23:07:00Z,moneyline,away,,fanduel,116,0.4850,106,0.0476,6,0.5,lost,-0.5000,8,1,3,0,2026-05-27T17:21:45.853261Z,,,,,,,,
125,2026-05-26T04:25:03.664509Z,2026-05-26,823624,Cincinnati Reds @ New York Mets,2026-05-26T23:10:00Z,moneyline,home,,fanduel,-102,0.5375,-116,0.0645,6,0.5,lost,-0.5000,2,7,5,2,2026-05-27T17:21:45.853261Z,,,,,,,,
126,2026-05-26T04:25:03.664509Z,2026-05-26,824434,Washington Nationals @ Cleveland Guardians,2026-05-26T22:10:00Z,moneyline,away,,fanduel,118,0.4942,102,0.0774,9,1.5,won,1.7700,3,6,5,0,2026-05-27T17:21:45.853261Z,,,,,,,,
127,2026-05-26T17:50:32.702534Z,2026-05-26,824434,Washington Nationals @ Cleveland Guardians,2026-05-26T22:10:00Z,moneyline,away,,betmgm,118,0.4879,105,0.0636,8,1.5,won,1.7700,3,6,5,0,2026-05-27T17:21:45.853261Z,,,,,,,,
128,2026-05-27T17:24:35.600966Z,2026-05-27,823626,Cincinnati Reds @ New York Mets,2026-05-27T23:10:00Z,moneyline,home,,betmgm,-118,0.5605,-128,0.0355,7,0.5,won,0.4237,4,2,4,1,2026-05-28T17:51:53.375777Z,,,,,,,,
129,2026-05-27T17:24:35.600966Z,2026-05-27,824432,Washington Nationals @ Cleveland Guardians,2026-05-27T17:10:00Z,moneyline,away,,betmgm,185,0.3687,171,0.0508,6,0.5,lost,-0.5000,3,2,4,0,2026-05-28T17:51:53.375777Z,,,,,,,,
130,2026-05-28T17:53:39.390715Z,2026-05-28,823378,Chicago Cubs @ Pittsburgh Pirates,2026-05-28T22:40:00Z,moneyline,away,,fanduel,146,0.4197,138,0.0325,6,0.5,won,0.7300,2,7,1,0,2026-05-29T15:49:06.098962Z,,,,,,,,
131,2026-05-28T18:28:36.640730Z,2026-05-28,824595,Minnesota Twins @ Chicago White Sox,2026-05-28T18:10:00Z,total,under,7.5,betmgm,105,0.5163,-107,0.0584,6,0.5,lost,-0.5000,6,2,7,1,2026-05-29T15:49:06.098962Z,,,,,,,,
132,2026-05-29T15:52:27.445607Z,2026-05-29,822732,San Diego Padres @ Washington Nationals,2026-05-29T22:45:00Z,moneyline,home,,fanduel,-110,0.5469,-121,0.0441,7,0.5,lost,-0.5000,5,7,9,3,2026-05-30T15:51:39.877398Z,,,,,,,,
133,2026-05-29T15:52:27.445607Z,2026-05-29,823135,Arizona Diamondbacks @ Seattle Mariners,2026-05-30T02:10:00Z,moneyline,away,,fanduel,128,0.4646,115,0.0593,8,1.0,lost,-1.0000,7,6,6,1,2026-05-30T15:51:39.877398Z,,,,,,,,
134,2026-05-29T17:59:48.031638Z,2026-05-29,824594,Detroit Tigers @ Chicago White Sox,2026-05-29T23:40:00Z,moneyline,home,,fanduel,102,0.5104,-104,0.0310,6,0.5,won,0.5100,4,3,3,0,2026-05-30T15:51:39.877398Z,,,,,,,,
135,2026-06-01T19:33:28.174555Z,2026-06-01,822730,Miami Marlins @ Washington Nationals,2026-06-01T22:45:00Z,moneyline,home,,fanduel,-142,0.6093,-156,0.0384,7,0.5,lost,-0.5000,3,7,4,1,2026-06-02T13:27:27.166608Z,,,,,,,,
136,2026-06-01T19:33:28.174555Z,2026-06-01,822974,Detroit Tigers @ Tampa Bay Rays,2026-06-01T22:40:00Z,moneyline,home,,fanduel,-158,0.6328,-172,0.0333,6,0.5,lost,-0.5000,9,10,9,2,2026-06-02T13:27:27.166608Z,,,,,,,,
137,2026-06-01T19:33:28.174555Z,2026-06-01,824510,Kansas City Royals @ Cincinnati Reds,2026-06-01T23:10:00Z,moneyline,home,,fanduel,-130,0.6042,-153,0.0690,8,1.5,lost,-1.5000,2,9,7,5,2026-06-02T13:27:27.166608Z,,,,,,,,
138,2026-06-02T13:30:45.154825Z,2026-06-02,825079,Los Angeles Dodgers @ Arizona Diamondbacks,2026-06-03T01:40:00Z,moneyline,home,,fanduel,106,0.5003,-100,0.0306,6,0.5,lost,-0.5000,5,6,6,2,2026-06-03T17:24:42.431809Z,,,,,,,,
139,2026-06-02T13:59:53.413718Z,2026-06-02,824675,Athletics @ Chicago Cubs,2026-06-03T00:05:00Z,moneyline,home,,fanduel,-120,0.5637,-129,0.0334,6,0.5,lost,-0.5000,1,2,3,1,2026-06-03T17:24:42.431809Z,,,,,,,,
140,2026-06-02T18:29:24.886946Z,2026-06-02,822728,Miami Marlins @ Washington Nationals,2026-06-02T22:45:00Z,moneyline,home,,fanduel,-112,0.5443,-119,0.0303,7,0.5,lost,-0.5000,3,7,4,0,2026-06-03T17:24:42.431809Z,,,,,,,,
141,2026-06-02T18:29:24.886946Z,2026-06-02,823700,Chicago White Sox @ Minnesota Twins,2026-06-02T23:40:00Z,moneyline,away,,fanduel,-120,0.5745,-135,0.0533,8,1.5,lost,-1.5000,6,4,9,0,2026-06-03T17:24:42.431809Z,,,,,,,,
142,2026-06-02T19:11:11.294754Z,2026-06-02,824511,Kansas City Royals @ Cincinnati Reds,2026-06-02T23:10:00Z,moneyline,home,,betmgm,-120,0.5623,-128,0.0309,7,0.5,won,0.4167,4,3,4,0,2026-06-03T17:24:42.431809Z,,,,,,,,
143,2026-06-03T00:22:26.927484Z,2026-06-02,822971,Detroit Tigers @ Tampa Bay Rays,2026-06-02T22:40:00Z,total,under,9.5,betmgm,118,0.4843,106,0.0558,6,0.5,won,0.5900,0,8,5,2,2026-06-03T17:24:42.431809Z,,,,,,,,
144,2026-06-03T00:22:26.927484Z,2026-06-02,823052,Texas Rangers @ St. Louis Cardinals,2026-06-02T23:45:00Z,total,over,6.5,draftkings,101,0.5209,-109,0.0470,6,0.5,won,0.5050,4,7,4,0,2026-06-03T17:24:42.431809Z,,,,,,,,
145,2026-06-03T00:22:26.927484Z,2026-06-02,823541,Cleveland Guardians @ New York Yankees,2026-06-02T23:05:00Z,total,under,9.5,draftkings,-104,0.5311,-113,0.0418,6,0.5,lost,-0.5000,4,9,9,0,2026-06-03T17:24:42.431809Z,,,,,,,,
146,2026-06-03T00:22:26.927484Z,2026-06-02,824754,Baltimore Orioles @ Boston Red Sox,2026-06-02T22:45:00Z,total,over,9.5,betmgm,110,0.4927,103,0.0347,6,0.5,lost,-0.5000,2,4,6,1,2026-06-03T17:24:42.431809Z,,,,,,,,
147,2026-06-03T17:47:24.049272Z,2026-06-03,823130,New York Mets @ Seattle Mariners,2026-06-03T19:40:00Z,pitcher_strikeouts,under,5.5,betmgm,100,0.5298,-113,0.0596,7,1.0,won,1.0000,1,7,7,2,2026-06-04T17:04:03.999215Z,669923,George Kirby,5,,,,, actual 5
148,2026-06-03T17:47:24.049272Z,2026-06-03,824188,Pittsburgh Pirates @ Houston Astros,2026-06-04T00:10:00Z,pitcher_strikeouts,under,7.5,betmgm,-140,0.6499,-186,0.1142,9,1.5,won,1.0714,11,9,7,0,2026-06-04T17:04:03.999215Z,694973,Paul Skenes,7,,,,, actual 7
149,2026-06-03T17:47:24.049272Z,2026-06-03,824671,Athletics @ Chicago Cubs,2026-06-04T00:05:00Z,pitcher_strikeouts,under,4.5,betmgm,-110,0.5519,-123,0.0536,7,1.0,won,0.9091,4,5,6,1,2026-06-04T17:04:03.999215Z,607067,Colin Rea,3,,,,, actual 3
150,2026-06-03T17:47:24.049272Z,2026-06-03,824755,Baltimore Orioles @ Boston Red Sox,2026-06-03T22:45:00Z,pitcher_strikeouts,under,6.5,betmgm,-125,0.6294,-170,0.1329,9,1.5,won,1.2000,8,1,8,1,2026-06-04T17:04:03.999215Z,801139,Payton Tolle,5,,,,, actual 5
151,2026-06-03T17:47:24.049272Z,2026-06-03,824917,Toronto Blue Jays @ Atlanta Braves,2026-06-03T23:15:00Z,pitcher_strikeouts,under,3.5,draftkings,117,0.4930,103,0.0698,7,1.0,won,1.1700,7,3,6,1,2026-06-04T17:04:03.999215Z,571578,Patrick Corbin,1,,,,, actual 1
152,2026-06-03T18:38:03.020763Z,2026-06-03,822727,Miami Marlins @ Washington Nationals,2026-06-03T17:05:00Z,moneyline,away,,betmgm,110,0.4933,103,0.0359,6,0.5,won,0.5500,1,4,2,0,2026-06-04T17:04:03.999215Z,,,,,,,,
153,2026-06-03T18:38:03.020763Z,2026-06-03,824509,Kansas City Royals @ Cincinnati Reds,2026-06-03T23:10:00Z,pitcher_strikeouts,under,4.5,draftkings,-145,0.6446,-181,0.0891,8,1.5,lost,-1.5000,2,5,4,2,2026-06-04T17:04:03.999215Z,663568,Stephen Kolek,8,,,,, actual 8
154,2026-06-04T17:05:45.846394Z,2026-06-04,823542,Cleveland Guardians @ New York Yankees,2026-06-04T17:35:00Z,pitcher_strikeouts,under,4.5,betmgm,-150,0.6718,-205,0.1197,9,1.5,won,1.0000,2,1,2,0,2026-06-05T16:59:33.297594Z,677944,Slade Cecconi,4,,,,, actual 4
155,2026-06-04T17:05:45.846394Z,2026-06-04,823542,Cleveland Guardians @ New York Yankees,2026-06-04T17:35:00Z,total,over,9.0,betmgm,-102,0.5181,-108,0.0260,6,0.5,lost,-0.5000,2,1,2,0,2026-06-05T16:59:33.297594Z,,,,,,,,
156,2026-06-04T17:05:45.846394Z,2026-06-04,825076,Los Angeles Dodgers @ Arizona Diamondbacks,2026-06-05T01:40:00Z,pitcher_strikeouts,over,3.5,draftkings,-125,0.6174,-161,0.1113,8,1.5,won,1.2000,3,2,2,0,2026-06-05T16:59:33.297594Z,680736,Justin Wrobleski,4,,,,, actual 4
157,2026-06-05T17:03:56.993897Z,2026-06-05,823049,Cincinnati Reds @ St. Louis Cardinals,2026-06-06T00:15:00Z,pitcher_strikeouts,over,3.5,betmgm,-150,0.6547,-190,0.0911,7,1.0,won,0.6667,10,3,7,5,2026-06-06T14:41:41.790872Z,663903,Brady Singer,6,,,,, actual 6
158,2026-06-05T17:03:56.993897Z,2026-06-05,823943,Los Angeles Angels @ Los Angeles Dodgers,2026-06-06T02:10:00Z,pitcher_strikeouts,over,5.5,betmgm,-130,0.6230,-165,0.1021,8,1.5,won,1.1538,1,0,0,0,2026-06-06T14:41:41.790872Z,808963,Roki Sasaki,10,,,,, actual 10
159,2026-06-07T15:45:51.681863Z,2026-06-07,823696,Kansas City Royals @ Minnesota Twins,2026-06-07T18:10:00Z,total,over,8.5,draftkings,-114,0.5475,-121,0.0278,6,0.5,won,0.4386,5,6,6,0,2026-06-08T15:05:59.079431Z,,,,,,,,
160,2026-06-07T15:45:51.681863Z,2026-06-07,824183,Athletics @ Houston Astros,2026-06-07T18:10:00Z,pitcher_strikeouts,under,5.5,betmgm,-135,0.6253,-167,0.0884,8,1.5,won,1.1111,0,5,5,0,2026-06-08T15:05:59.079431Z,681347,Mike Burrows,3,,,,, actual 3
161,2026-06-07T15:45:51.681863Z,2026-06-07,824349,Milwaukee Brewers @ Colorado Rockies,2026-06-07T19:10:00Z,pitcher_strikeouts,under,3.5,draftkings,-104,0.5561,-125,0.0907,8,1.5,won,1.4423,4,12,4,2,2026-06-08T15:05:59.079431Z,607536,Kyle Freeland,2,,,,, actual 2
162,2026-06-08T15:08:23.594429Z,2026-06-08,822806,Philadelphia Phillies @ Toronto Blue Jays,2026-06-08T23:07:00Z,moneyline,away,,betmgm,-170,0.6437,-181,0.0223,6,0.5,won,0.2941,2,5,7,0,2026-06-09T15:06:22.501372Z,,,,,,,,
163,2026-06-08T15:08:23.594429Z,2026-06-08,824025,Houston Astros @ Los Angeles Angels,2026-06-09T01:38:00Z,pitcher_strikeouts,under,5.5,betmgm,-135,0.6235,-166,0.0853,8,1.5,lost,-1.5000,4,5,4,0,2026-06-09T15:06:22.501372Z,681293,Spencer Arrighetti,7,,,,, actual 7
164,2026-06-08T15:08:23.594429Z,2026-06-08,824998,Milwaukee Brewers @ Athletics,2026-06-09T02:05:00Z,pitcher_strikeouts,under,4.5,betmgm,-140,0.6335,-173,0.0859,8,1.5,won,1.0714,14,15,13,2,2026-06-09T15:06:22.501372Z,605488,Jeffrey Springs,3,,,,, actual 3
165,2026-06-09T15:10:12.030164Z,2026-06-09,823214,Washington Nationals @ San Francisco Giants,2026-06-10T01:45:00Z,pitcher_strikeouts,over,3.5,betmgm,-105,0.5788,-137,0.1300,9,1.5,won,1.4286,3,6,5,2,2026-06-10T15:06:42.820678Z,605288,Adrian Houser,6,,,,, actual 6
166,2026-06-09T15:10:12.030164Z,2026-06-09,823214,Washington Nationals @ San Francisco Giants,2026-06-10T01:45:00Z,pitcher_strikeouts,over,4.5,betmgm,120,0.5115,-105,0.1254,9,1.5,lost,-1.5000,3,6,5,2,2026-06-10T15:06:42.820678Z,674841,Andrew Alvarez,4,,,,, actual 4
167,2026-06-10T15:10:30.037960Z,2026-06-10,824428,New York Yankees @ Cleveland Guardians,2026-06-10T17:10:00Z,pitcher_strikeouts,under,5.5,draftkings,-116,0.5971,-148,0.1119,9,1.5,won,1.2931,4,8,6,1,2026-06-11T15:05:54.171208Z,800048,Parker Messick,4,,,,, actual 4
168,2026-06-10T15:10:30.037960Z,2026-06-10,824590,Atlanta Braves @ Chicago White Sox,2026-06-10T23:40:00Z,pitcher_strikeouts,under,7.5,draftkings,-117,0.6130,-158,0.1369,8,1.5,won,1.2821,2,1,2,0,2026-06-11T15:05:54.171208Z,519242,Chris Sale,6,,,,, actual 6
169,2026-06-11T15:06:22.687688Z,2026-06-11,824101,Texas Rangers @ Kansas City Royals,2026-06-11T18:10:00Z,pitcher_strikeouts,under,4.5,draftkings,-113,0.5731,-134,0.0802,8,1.5,won,1.3274,2,4,5,1,2026-06-12T15:04:59.819229Z,608379,Michael Wacha,2,,,,, actual 2
170,2026-06-11T15:06:22.687688Z,2026-06-11,824346,Chicago Cubs @ Colorado Rockies,2026-06-11T19:10:00Z,pitcher_strikeouts,under,4.5,betmgm,-105,0.5568,-126,0.0872,7,1.0,lost,-1.0000,3,9,8,0,2026-06-12T15:04:59.819229Z,665795,Edward Cabrera,5,,,,, actual 5
171,2026-06-12T15:11:13.411422Z,2026-06-12,822803,New York Yankees @ Toronto Blue Jays,2026-06-12T23:37:00Z,pitcher_strikeouts,under,5.5,betmgm,-135,0.6352,-174,0.1057,8,1.5,won,1.1111,8,5,10,3,2026-06-13T15:04:26.172697Z,677960,Ryan Weathers,2,,,,, actual 2
172,2026-06-12T15:11:13.411422Z,2026-06-12,823778,Philadelphia Phillies @ Milwaukee Brewers,2026-06-12T23:40:00Z,pitcher_strikeouts,under,8.5,betmgm,-115,0.6085,-155,0.1375,9,1.5,lost,-1.5000,6,0,5,1,2026-06-13T15:04:26.172697Z,694819,Jacob Misiorowski,15,,,,, actual 15
173,2026-06-13T15:07:58.323363Z,2026-06-13,823369,Miami Marlins @ Pittsburgh Pirates,2026-06-13T20:05:00Z,pitcher_strikeouts,over,4.5,draftkings,-109,0.5882,-143,0.1278,9,1.5,won,1.3761,3,2,3,1,2026-06-14T16:06:19.995873Z,696149,Bubba Chandler,6,,,,, actual 6
174,2026-06-13T15:07:58.323363Z,2026-06-13,823694,St. Louis Cardinals @ Minnesota Twins,2026-06-13T18:10:00Z,pitcher_strikeouts,over,4.5,betmgm,-125,0.6311,-171,0.1360,9,1.5,lost,-1.5000,6,9,8,2,2026-06-14T16:06:19.995873Z,687570,Connor Prielipp,2,,,,, actual 2
175,2026-06-14T16:11:38.431700Z,2026-06-14,824099,Houston Astros @ Kansas City Royals,2026-06-14T18:10:00Z,pitcher_strikeouts,under,4.5,betmgm,110,0.5298,-113,0.1126,9,1.5,lost,-1.5000,4,0,4,1,2026-06-15T15:05:41.816939Z,681293,Spencer Arrighetti,7,,,,, actual 7
176,2026-06-14T16:11:38.431700Z,2026-06-14,824994,Colorado Rockies @ Athletics,2026-06-14T19:05:00Z,pitcher_strikeouts,under,4.5,draftkings,104,0.5489,-122,0.1198,9,1.5,lost,-1.5000,9,23,22,6,2026-06-15T15:05:41.816939Z,605488,Jeffrey Springs,5,,,,, actual 5
177,2026-06-15T15:09:29.225773Z,2026-06-15,823046,San Diego Padres @ St. Louis Cardinals,2026-06-15T23:45:00Z,pitcher_strikeouts,over,4.5,betmgm,-155,0.6462,-183,0.0630,6,0.5,won,0.3226,3,0,3,0,2026-06-16T15:10:23.345949Z,669160,Dustin May,9,,,,, actual 9
178,2026-06-15T15:09:29.225773Z,2026-06-15,823452,Miami Marlins @ Philadelphia Phillies,2026-06-15T22:40:00Z,pitcher_strikeouts,under,6.5,betmgm,-140,0.6155,-160,0.0552,7,1.0,lost,-1.0000,7,0,5,0,2026-06-16T15:10:23.345949Z,554430,Zack Wheeler,9,,,,, actual 9
179,2026-06-15T15:09:29.225773Z,2026-06-15,825071,Los Angeles Angels @ Arizona Diamondbacks,2026-06-16T01:40:00Z,moneyline,away,,betmgm,110,0.4916,103,0.0324,8,0.5,lost,-0.5000,4,3,4,2,2026-06-16T15:10:23.345949Z,,,,,,,,
180,2026-06-16T15:17:14.558802Z,2026-06-16,823045,San Diego Padres @ St. Louis Cardinals,2026-06-16T23:45:00Z,pitcher_strikeouts,over,3.5,betmgm,-140,0.6385,-177,0.0946,8,1.5,won,1.0714,3,2,4,0,2026-06-17T15:05:01.622526Z,669467,Andre Pallante,6,,,,, actual 6
181,2026-06-16T15:17:14.558802Z,2026-06-16,824912,San Francisco Giants @ Atlanta Braves,2026-06-16T23:15:00Z,pitcher_strikeouts,over,3.5,draftkings,108,0.5388,-117,0.1207,9,1.5,lost,-1.5000,2,7,7,3,2026-06-18T15:04:31.718324Z,605288,Adrian Houser,2,,,,, actual 2
182,2026-06-17T15:08:58.194178Z,2026-06-17,822721,Kansas City Royals @ Washington Nationals,2026-06-17T17:05:00Z,total,over,10.5,betmgm,-105,0.5271,-111,0.0291,6,0.5,lost,-0.5000,2,6,4,1,2026-06-18T15:04:31.718324Z,,,,,,,,
183,2026-06-17T15:08:58.194178Z,2026-06-17,823774,Cleveland Guardians @ Milwaukee Brewers,2026-06-17T23:40:00Z,pitcher_strikeouts,under,4.5,draftkings,104,0.5580,-126,0.1383,9,1.5,lost,-1.5000,9,4,11,3,2026-06-18T15:04:31.718324Z,687075,Brandon Sproat,6,,,,, actual 6
184,2026-06-17T15:08:58.194178Z,2026-06-17,823940,Tampa Bay Rays @ Los Angeles Dodgers,2026-06-17T19:10:00Z,pitcher_strikeouts,under,6.5,draftkings,-133,0.6468,-183,0.1330,8,1.5,won,1.1278,5,4,7,0,2026-06-18T15:04:31.718324Z,660271,Shohei Ohtani,5,,,,, actual 5
185,2026-06-17T15:08:58.194178Z,2026-06-17,824503,New York Mets @ Cincinnati Reds,2026-06-17T16:40:00Z,total,over,9.0,betmgm,-102,0.5199,-108,0.0295,6,0.5,won,0.4902,1,9,8,0,2026-06-18T15:04:31.718324Z,,,,,,,,
186,2026-06-18T15:09:12.509257Z,2026-06-18,823533,Chicago White Sox @ New York Yankees,2026-06-18T23:05:00Z,pitcher_strikeouts,over,5.5,draftkings,119,0.5025,-101,0.1004,9,1.5,won,1.7850,1,5,2,0,2026-06-19T15:03:31.817461Z,680732,Sean Burke,8,,,,, actual 8
187,2026-06-18T15:09:12.509257Z,2026-06-18,824098,St. Louis Cardinals @ Kansas City Royals,2026-06-18T23:40:00Z,pitcher_strikeouts,over,4.5,draftkings,109,0.5249,-110,0.0970,8,1.5,won,1.6350,14,6,15,3,2026-06-19T15:03:31.817461Z,702070,Noah Cameron,6,,,,, actual 6
188,2026-06-19T15:06:16.188954Z,2026-06-19,822886,San Diego Padres @ Texas Rangers,2026-06-20T00:05:00Z,pitcher_strikeouts,under,6.5,draftkings,-113,0.5711,-133,0.0764,8,1.5,lost,-1.5000,9,7,13,11,2026-06-20T15:03:48.159052Z,594798,Jacob deGrom,9,,,,, actual 9
189,2026-06-19T15:06:16.188954Z,2026-06-19,824345,Pittsburgh Pirates @ Colorado Rockies,2026-06-20T00:40:00Z,moneyline,home,,betmgm,120,0.4650,115,0.0230,6,0.5,won,0.6000,4,3,2,0,2026-06-20T15:03:48.159052Z,,,,,,,,
190,2026-06-19T15:06:16.188954Z,2026-06-19,824663,Toronto Blue Jays @ Chicago Cubs,2026-06-19T18:20:00Z,pitcher_strikeouts,over,5.5,betmgm,-118,0.5812,-139,0.0737,8,1.5,lost,-1.5000,16,2,8,7,2026-06-20T15:03:48.159052Z,592332,Kevin Gausman,3,,,,, actual 3
191,2026-06-20T15:07:36.478856Z,2026-06-20,822885,San Diego Padres @ Texas Rangers,2026-06-20T20:05:00Z,pitcher_strikeouts,under,5.5,draftkings,112,0.5070,-103,0.0749,8,1.5,void,0.0000,4,6,1,0,2026-06-21T15:03:17.303218Z,543135,Nathan Eovaldi,,,,,, player did not appear / not final
192,2026-06-20T15:07:36.478856Z,2026-06-20,823447,New York Mets @ Philadelphia Phillies,2026-06-20T23:15:00Z,pitcher_strikeouts,under,5.5,draftkings,-131,0.6369,-175,0.1230,9,1.5,won,1.1450,15,3,14,1,2026-06-21T15:03:17.303218Z,642547,Freddy Peralta,2,,,,, actual 2
193,2026-06-21T15:08:51.514159Z,2026-06-21,822883,San Diego Padres @ Texas Rangers,2026-06-21T18:35:00Z,pitcher_strikeouts,under,5.5,betmgm,100,0.5690,-132,0.1381,9,1.5,lost,-1.5000,4,3,7,0,2026-06-22T15:04:37.059319Z,543135,Nathan Eovaldi,9,,,,, actual 9
194,2026-06-21T15:08:51.514159Z,2026-06-21,824095,St. Louis Cardinals @ Kansas City Royals,2026-06-21T18:10:00Z,pitcher_strikeouts,over,5.5,draftkings,124,0.5052,-102,0.1316,8,1.5,lost,-1.5000,10,12,19,7,2026-06-22T15:04:37.059319Z,669160,Dustin May,2,,,,, actual 2
195,2026-06-22T15:08:25.260279Z,2026-06-22,823288,Atlanta Braves @ San Diego Padres,2026-06-23T02:10:00Z,pitcher_strikeouts,over,4.5,betmgm,140,0.4722,112,0.1332,9,1.5,lost,-1.5000,1,0,1,0,2026-06-23T15:04:51.448111Z,656550,Grant Holmes,4,,,,, actual 4
196,2026-06-22T15:08:25.260279Z,2026-06-22,824261,New York Yankees @ Detroit Tigers,2026-06-22T22:10:00Z,pitcher_strikeouts,under,4.5,draftkings,124,0.4912,104,0.1003,9,1.5,lost,-1.5000,5,3,6,0,2026-06-23T15:04:51.448111Z,664285,Framber Valdez,8,,,,, actual 8
197,2026-06-23T15:11:33.158949Z,2026-06-23,823210,Athletics @ San Francisco Giants,2026-06-24T01:45:00Z,pitcher_strikeouts,under,6.5,draftkings,-127,0.6210,-164,0.1100,9,1.5,won,1.1811,3,1,3,0,2026-06-24T15:04:31.723706Z,592662,Robbie Ray,6,,,,, actual 6
198,2026-06-23T15:11:33.158949Z,2026-06-23,824017,Baltimore Orioles @ Los Angeles Angels,2026-06-24T01:38:00Z,pitcher_strikeouts,under,5.5,betmgm,-105,0.5701,-133,0.1131,9,1.5,won,1.4286,5,1,5,2,2026-06-24T15:04:31.723706Z,669358,Shane Baz,5,,,,, actual 5
199,2026-06-24T15:09:45.289045Z,2026-06-24,823850,Texas Rangers @ Miami Marlins,2026-06-24T16:10:00Z,pitcher_strikeouts,under,6.5,draftkings,116,0.4907,104,0.0600,7,1.0,lost,-1.0000,4,2,3,0,2026-06-25T15:04:45.029004Z,594798,Jacob deGrom,8,,,,, actual 8
200,2026-07-01T15:06:57.388310Z,2026-07-01,824419,Texas Rangers @ Cleveland Guardians,2026-07-01T17:10:00Z,pitcher_strikeouts,under,6.5,draftkings,-117,0.5812,-139,0.0779,8,1.5,lost,-1.5000,9,4,6,0,2026-07-02T15:06:48.157885Z,669022,MacKenzie Gore,7,,,,, actual 7
201,2026-07-01T15:06:57.388310Z,2026-07-01,824660,San Diego Padres @ Chicago Cubs,2026-07-01T18:20:00Z,pitcher_strikeouts,under,3.5,draftkings,124,0.5052,-102,0.1316,9,1.5,lost,-1.5000,23,3,15,3,2026-07-02T15:06:48.157885Z,607067,Colin Rea,5,,,,, actual 5
202,2026-07-01T15:06:57.388310Z,2026-07-01,824740,Washington Nationals @ Boston Red Sox,2026-07-01T17:35:00Z,moneyline,away,,betmgm,125,0.4649,115,0.0460,9,1.0,won,1.2500,2,10,7,2,2026-07-02T15:06:48.157885Z,,,,,,,,
203,2026-07-01T15:06:57.388310Z,2026-07-01,824818,Chicago White Sox @ Baltimore Orioles,2026-07-01T16:35:00Z,moneyline,away,,draftkings,119,0.4750,111,0.0402,8,1.0,lost,-1.0000,6,1,5,1,2026-07-02T15:06:48.157885Z,,,,,,,,
204,2026-07-02T15:08:41.746899Z,2026-07-02,823765,Cincinnati Reds @ Milwaukee Brewers,2026-07-02T18:10:00Z,pitcher_strikeouts,under,7.5,draftkings,-141,0.6228,-165,0.0645,7,1.0,won,0.7092,2,7,6,1,2026-07-03T15:06:27.999774Z,695505,Chase Burns,4,,,,, actual 4
205,2026-07-02T15:08:41.746899Z,2026-07-02,823765,Cincinnati Reds @ Milwaukee Brewers,2026-07-02T18:10:00Z,total,over,7.0,betmgm,-110,0.5408,-118,0.0325,6,0.5,won,0.4545,2,7,6,1,2026-07-03T15:06:27.999774Z,,,,,0.4740,-0.0498,no,
206,2026-07-02T15:08:41.746899Z,2026-07-02,824335,Miami Marlins @ Colorado Rockies,2026-07-02T19:10:00Z,total,over,12.0,betmgm,-105,0.5291,-112,0.0329,6,0.5,won,0.4762,14,4,9,3,2026-07-03T15:06:27.999774Z,,,,-115,0.5108,-0.0014,no,
207,2026-07-02T15:08:41.746899Z,2026-07-02,824416,Chicago White Sox @ Cleveland Guardians,2026-07-02T22:40:00Z,pitcher_strikeouts,under,4.5,betmgm,-135,0.6228,-165,0.0842,8,1.5,won,1.1111,6,5,5,0,2026-07-03T15:06:27.999774Z,677944,Slade Cecconi,3,,,,, actual 3
208,2026-07-03T15:09:06.474294Z,2026-07-03,824173,Tampa Bay Rays @ Houston Astros,2026-07-04T00:15:00Z,pitcher_strikeouts,over,5.5,draftkings,118,0.5094,-104,0.1105,9,1.5,lost,-1.5000,1,3,0,0,2026-07-04T15:06:15.416648Z,681293,Spencer Arrighetti,4,,,,, actual 4
209,2026-07-03T15:09:06.474294Z,2026-07-03,824904,New York Mets @ Atlanta Braves,2026-07-03T23:15:00Z,pitcher_strikeouts,under,4.5,draftkings,105,0.5368,-116,0.1004,9,1.5,won,1.5750,5,3,6,0,2026-07-04T15:06:15.416648Z,656550,Grant Holmes,2,,,,, actual 2
210,2026-07-04T15:11:10.476962Z,2026-07-04,823526,Minnesota Twins @ New York Yankees,2026-07-04T17:35:00Z,pitcher_strikeouts,under,4.5,draftkings,116,0.5181,-108,0.1191,9,1.5,lost,-1.5000,4,11,10,3,2026-07-05T15:06:21.735194Z,805673,Zebby Matthews,5,,,,, actual 5
211,2026-07-04T15:11:10.476962Z,2026-07-04,824334,San Francisco Giants @ Colorado Rockies,2026-07-05T00:10:00Z,moneyline,home,,betmgm,115,0.4735,111,0.0180,6,0.5,lost,-0.5000,4,6,9,7,2026-07-05T15:06:21.735194Z,,,,109,0.4576,-0.0075,no,
212,2026-07-04T15:11:10.476962Z,2026-07-04,824903,New York Mets @ Atlanta Braves,2026-07-05T00:08:00Z,pitcher_strikeouts,under,7.5,betmgm,100,0.5731,-134,0.1462,8,1.5,won,1.5000,14,3,7,0,2026-07-05T15:06:21.735194Z,519242,Chris Sale,3,,,,, actual 3
213,2026-07-05T15:13:35.390491Z,2026-07-05,823525,Minnesota Twins @ New York Yankees,2026-07-05T17:35:00Z,pitcher_strikeouts,under,5.5,draftkings,109,0.5429,-119,0.1346,9,1.5,lost,-1.5000,1,6,4,1,2026-07-06T15:06:27.608974Z,677960,Ryan Weathers,6,,,,, actual 6
214,2026-07-05T15:13:35.390491Z,2026-07-05,823525,Minnesota Twins @ New York Yankees,2026-07-05T17:35:00Z,pitcher_strikeouts,under,6.5,draftkings,101,0.5600,-127,0.1256,9,1.5,lost,-1.5000,1,6,4,1,2026-07-06T15:06:27.608974Z,657746,Joe Ryan,9,,,,, actual 9
215,2026-07-05T15:13:35.390491Z,2026-07-05,823525,Minnesota Twins @ New York Yankees,2026-07-05T17:35:00Z,moneyline,away,,draftkings,113,0.4793,109,0.0209,6,0.5,won,0.5650,1,6,4,1,2026-07-06T15:06:27.608974Z,,,,115,0.4438,-0.0257,no,
216,2026-07-06T15:08:23.950182Z,2026-07-06,822958,New York Yankees @ Tampa Bay Rays,2026-07-06T22:40:00Z,pitcher_strikeouts,over,6.5,betmgm,115,0.5008,-100,0.0767,8,1.5,won,1.7250,1,5,4,0,2026-07-07T15:06:42.177578Z,693645,Cam Schlittler,8,,,,, actual 8
217,2026-07-06T15:08:23.950182Z,2026-07-06,822958,New York Yankees @ Tampa Bay Rays,2026-07-06T22:40:00Z,moneyline,home,,betmgm,-110,0.5339,-115,0.0193,7,0.5,lost,-0.5000,1,5,4,0,2026-07-07T15:06:42.177578Z,,,,110,0.4736,-0.0502,no,
218,2026-07-06T15:08:23.950182Z,2026-07-06,824900,New York Mets @ Atlanta Braves,2026-07-06T23:15:00Z,pitcher_strikeouts,under,4.5,draftkings,118,0.5096,-104,0.1110,9,1.5,lost,-1.5000,6,7,4,0,2026-07-07T15:06:42.177578Z,642547,Freddy Peralta,6,,,,, actual 6
219,2026-07-07T15:12:14.180375Z,2026-07-07,822881,Los Angeles Angels @ Texas Rangers,2026-07-08T00:05:00Z,pitcher_strikeouts,under,7.5,betmgm,-105,0.5661,-130,0.1052,9,1.5,won,1.4286,8,3,4,2,2026-07-08T15:06:41.858089Z,594798,Jacob deGrom,7,,,,, actual 7
220,2026-07-07T15:12:14.180375Z,2026-07-07,822956,New York Yankees @ Tampa Bay Rays,2026-07-07T22:40:00Z,pitcher_strikeouts,under,4.5,draftkings,-107,0.5722,-134,0.1069,9,1.5,won,1.4019,6,4,9,0,2026-07-08T15:06:41.858089Z,701542,Will Warren,3,,,,, actual 3
221,2026-07-08T15:14:18.558098Z,2026-07-08,823279,Arizona Diamondbacks @ San Diego Padres,2026-07-09T02:10:00Z,pitcher_strikeouts,under,4.5,draftkings,-114,0.5902,-144,0.1079,9,1.5,won,1.3158,10,4,5,1,2026-07-09T15:07:11.678652Z,650633,Michael King,4,,,,, actual 4
222,2026-07-08T15:14:18.558098Z,2026-07-08,823684,Cleveland Guardians @ Minnesota Twins,2026-07-08T23:40:00Z,pitcher_strikeouts,under,5.5,draftkings,113,0.5339,-115,0.1372,8,1.5,lost,-1.5000,6,5,6,0,2026-07-09T15:07:11.678652Z,687570,Connor Prielipp,6,,,,, actual 6
223,2026-07-09T15:11:04.608407Z,2026-07-09,823201,Colorado Rockies @ San Francisco Giants,2026-07-10T01:45:00Z,pitcher_strikeouts,over,3.5,draftkings,-153,0.6408,-178,0.0596,7,1.0,lost,-1.0000,8,2,6,1,2026-07-10T15:07:30.104662Z,663372,Ryan Feltner,3,,,,, actual 3
224,2026-07-09T15:11:04.608407Z,2026-07-09,823359,Atlanta Braves @ Pittsburgh Pirates,2026-07-09T16:35:00Z,pitcher_strikeouts,under,4.5,draftkings,-126,0.5923,-145,0.0623,6,0.5,won,0.3968,5,10,10,1,2026-07-10T15:07:30.104662Z,693821,Bryce Elder,3,,,,, actual 3
225,2026-07-09T15:11:04.608407Z,2026-07-09,823606,Kansas City Royals @ New York Mets,2026-07-09T17:10:00Z,pitcher_strikeouts,under,4.5,draftkings,107,0.5189,-108,0.0741,8,1.5,lost,-1.5000,7,3,8,1,2026-07-10T15:07:30.104662Z,608379,Michael Wacha,5,,,,, actual 5
226,2026-07-10T15:13:17.703400Z,2026-07-10,822878,Houston Astros @ Texas Rangers,2026-07-11T00:05:00Z,pitcher_strikeouts,under,5.5,betmgm,105,0.5489,-122,0.1253,8,1.5,won,1.5750,7,3,3,2,2026-07-11T15:06:19.472657Z,686613,Hunter Brown,4,,,,, actual 4
227,2026-07-10T15:13:17.703400Z,2026-07-10,823200,Colorado Rockies @ San Francisco Giants,2026-07-11T02:15:00Z,moneyline,away,,draftkings,131,0.4536,120,0.0478,10,1.0,won,1.3100,3,4,2,0,2026-07-11T15:06:19.472657Z,,,,,,,,
228,2026-07-10T15:13:17.703400Z,2026-07-10,823278,Toronto Blue Jays @ San Diego Padres,2026-07-11T01:40:00Z,pitcher_strikeouts,under,4.5,draftkings,-137,0.6499,-186,0.1243,8,1.5,won,1.0949,3,5,7,2,2026-07-11T15:06:19.472657Z,669456,Shane Bieber,4,,,,, actual 4
229,2026-07-11T15:10:45.923645Z,2026-07-11,823276,Toronto Blue Jays @ San Diego Padres,2026-07-12T00:40:00Z,pitcher_strikeouts,under,5.5,draftkings,-137,0.6446,-181,0.1151,9,1.5,won,1.0949,8,7,11,2,2026-07-12T15:06:33.975472Z,702056,Trey Yesavage,1,,,,, actual 1
230,2026-07-11T15:10:45.923645Z,2026-07-11,823356,Milwaukee Brewers @ Pittsburgh Pirates,2026-07-11T20:05:00Z,moneyline,away,,draftkings,-126,0.5706,-133,0.0235,6,0.5,lost,-0.5000,3,2,4,0,2026-07-12T15:06:33.975472Z,,,,-126,0.5321,-0.0254,no,
231,2026-07-11T15:10:45.923645Z,2026-07-11,823682,Los Angeles Angels @ Minnesota Twins,2026-07-11T18:10:00Z,pitcher_strikeouts,under,7.5,betmgm,105,0.5580,-126,0.1439,9,1.5,won,1.5750,5,3,5,0,2026-07-12T15:06:33.975472Z,657746,Joe Ryan,6,,,,, actual 6
232,2026-07-11T15:10:45.923645Z,2026-07-11,824249,Philadelphia Phillies @ Detroit Tigers,2026-07-11T22:10:00Z,moneyline,home,,draftkings,119,0.4742,111,0.0385,8,1.0,lost,-1.0000,2,4,5,0,2026-07-12T15:06:33.975472Z,,,,-110,0.5000,0.0434,yes,
233,2026-07-12T15:11:02.299870Z,2026-07-12,823029,Atlanta Braves @ St. Louis Cardinals,2026-07-12T18:15:00Z,pitcher_strikeouts,over,4.5,betmgm,-120,0.6167,-161,0.1306,8,1.5,lost,-1.5000,3,4,3,1,2026-07-13T15:07:38.715586Z,669160,Dustin May,4,,,,, actual 4
234,2026-07-12T15:11:02.299870Z,2026-07-12,824250,Philadelphia Phillies @ Detroit Tigers,2026-07-12T17:40:00Z,moneyline,home,,betmgm,-125,0.5691,-132,0.0244,7,0.5,lost,-0.5000,0,5,1,0,2026-07-13T15:07:38.715586Z,,,,-135,0.5483,-0.0072,no,
235,2026-07-12T15:11:02.299870Z,2026-07-12,824491,Chicago Cubs @ Cincinnati Reds,2026-07-12T17:40:00Z,pitcher_strikeouts,under,5.5,draftkings,116,0.5269,-111,0.1382,8,1.5,won,1.7400,4,8,8,2,2026-07-13T15:07:38.715586Z,571510,Matthew Boyd,3,,,,, actual 3
236,2026-07-16T15:08:29.315303Z,2026-07-16,823440,New York Mets @ Philadelphia Phillies,2026-07-16T23:10:00Z,pitcher_strikeouts,over,5.5,betmgm,105,0.5142,-106,0.0541,6,0.5,won,0.5250,1,4,1,0,2026-07-17T15:08:54.933803Z,681035,Christian Scott,7,,,,, actual 7
237,2026-07-17T15:16:40.418639Z,2026-07-17,823115,San Francisco Giants @ Seattle Mariners,2026-07-18T02:10:00Z,pitcher_strikeouts,over,5.5,betmgm,-135,0.6192,-163,0.0779,7,1.0,won,0.7407,0,7,2,0,2026-07-18T15:06:13.264951Z,682243,Bryce Miller,6,,,,, actual 6
238,2026-07-17T15:16:40.418639Z,2026-07-17,824332,Cincinnati Reds @ Colorado Rockies,2026-07-18T00:40:00Z,pitcher_strikeouts,over,4.5,draftkings,114,0.4947,102,0.0588,6,0.5,won,0.5700,2,7,2,1,2026-07-18T15:06:13.264951Z,663903,Brady Singer,6,,,,, actual 6
239,2026-07-17T15:16:40.418639Z,2026-07-17,824981,Washington Nationals @ Athletics,2026-07-18T01:40:00Z,pitcher_strikeouts,over,4.5,betmgm,-130,0.6274,-168,0.1100,9,1.5,won,1.1538,4,23,10,0,2026-07-18T15:06:13.264951Z,695611,Gage Jump,8,,,,, actual 8
240,2026-07-18T15:10:15.584081Z,2026-07-18,824008,Detroit Tigers @ Los Angeles Angels,2026-07-19T02:07:00Z,pitcher_strikeouts,under,8.5,betmgm,-125,0.6385,-177,0.1494,9,1.5,lost,-1.5000,0,7,7,4,2026-07-19T15:07:16.022711Z,669373,Tarik Skubal,9,,,,, actual 9
241,2026-07-18T15:10:15.584081Z,2026-07-18,824088,San Diego Padres @ Kansas City Royals,2026-07-18T20:10:00Z,total,over,11.0,betmgm,-102,0.5227,-109,0.0351,6,0.5,lost,-0.5000,6,1,5,2,2026-07-19T15:07:16.022711Z,,,,,,,,
242,2026-07-18T15:10:15.584081Z,2026-07-18,824414,Pittsburgh Pirates @ Cleveland Guardians,2026-07-18T17:10:00Z,pitcher_strikeouts,over,5.5,betmgm,125,0.5077,-103,0.1424,8,1.5,won,1.8750,1,7,3,0,2026-07-19T15:07:16.022711Z,683003,Jared Jones,9,,,,, actual 9
243,2026-07-19T15:15:34.044616Z,2026-07-19,822786,Chicago White Sox @ Toronto Blue Jays,2026-07-19T16:15:00Z,pitcher_strikeouts,under,5.5,draftkings,120,0.5213,-109,0.1469,8,1.5,lost,-1.5000,0,3,1,0,2026-07-20T15:08:20.734410Z,702056,Trey Yesavage,9,,,,, actual 9
244,2026-07-19T15:15:34.044616Z,2026-07-19,822786,Chicago White Sox @ Toronto Blue Jays,2026-07-19T16:15:00Z,moneyline,away,,draftkings,-112,0.5417,-118,0.0254,7,0.5,won,0.4464,0,3,1,0,2026-07-20T15:08:20.734410Z,,,,,,,,
245,2026-07-19T15:15:34.044616Z,2026-07-19,824411,Pittsburgh Pirates @ Cleveland Guardians,2026-07-19T17:40:00Z,pitcher_strikeouts,over,5.5,betmgm,-135,0.6385,-177,0.1115,9,1.5,won,1.1111,1,7,3,0,2026-07-20T15:08:20.734410Z,676282,Joey Cantillo,7,,,,, actual 7
246,2026-07-19T15:15:34.044616Z,2026-07-19,824978,Washington Nationals @ Athletics,2026-07-19T20:05:00Z,total,over,10.5,betmgm,-110,0.5391,-117,0.0292,6,0.5,lost,-0.5000,2,5,6,0,2026-07-20T15:08:20.734410Z,,,,-118,0.5183,-0.0055,no,
247,2026-07-20T15:11:59.421420Z,2026-07-20,823112,Cincinnati Reds @ Seattle Mariners,2026-07-21T01:40:00Z,pitcher_strikeouts,under,6.5,draftkings,105,0.5330,-114,0.0927,7,1.0,won,1.0500,8,0,1,0,2026-07-21T15:07:58.269911Z,669923,George Kirby,6,,,,, actual 6
248,2026-07-20T15:11:59.421420Z,2026-07-20,823522,Pittsburgh Pirates @ New York Yankees,2026-07-20T23:05:00Z,moneyline,away,,draftkings,-103,0.5194,-108,0.0237,7,0.5,lost,-0.5000,8,5,13,4,2026-07-21T15:07:58.269911Z,,,,125,0.4284,-0.0790,no,
249,2026-07-20T15:11:59.421420Z,2026-07-20,824654,Detroit Tigers @ Chicago Cubs,2026-07-21T00:05:00Z,pitcher_strikeouts,over,5.5,draftkings,100,0.5408,-118,0.0817,7,1.0,lost,-1.0000,6,8,7,4,2026-07-21T15:07:58.269911Z,656427,Jack Flaherty,4,,,,, actual 4
250,2026-07-20T15:11:59.421420Z,2026-07-20,824736,Baltimore Orioles @ Boston Red Sox,2026-07-20T23:10:00Z,pitcher_strikeouts,under,5.5,draftkings,-145,0.6408,-178,0.0827,7,1.0,lost,-1.0000,6,5,5,1,2026-07-21T15:07:58.269911Z,669358,Shane Baz,6,,,,, actual 6
251,2026-07-21T15:12:32.813974Z,2026-07-21,824085,San Francisco Giants @ Kansas City Royals,2026-07-21T23:40:00Z,pitcher_strikeouts,over,3.5,betmgm,-120,0.6169,-161,0.1309,8,1.5,won,1.2500,3,2,3,0,2026-07-22T15:08:22.816778Z,679883,Luinder Avila,7,,,,, actual 7
252,2026-07-21T15:12:32.813974Z,2026-07-21,824652,Detroit Tigers @ Chicago Cubs,2026-07-22T00:05:00Z,pitcher_strikeouts,under,4.5,draftkings,104,0.5469,-121,0.1157,8,1.5,won,1.5600,11,2,9,6,2026-07-22T15:08:22.816778Z,664285,Framber Valdez,1,,,,, actual 1
253,2026-07-21T15:12:32.813974Z,2026-07-21,825056,Athletics @ Arizona Diamondbacks,2026-07-22T01:40:00Z,total,over,9.5,betmgm,-105,0.5288,-112,0.0325,6,0.5,won,0.4762,6,5,4,3,2026-07-22T15:08:22.816778Z,,,,,,,,
254,2026-07-22T15:15:01.804564Z,2026-07-22,824650,Detroit Tigers @ Chicago Cubs,2026-07-23T00:10:00Z,pitcher_strikeouts,under,4.5,betmgm,-110,0.5971,-148,0.1400,8,1.5,lost,-1.5000,1,5,5,1,2026-07-23T15:08:19.451621Z,607067,Colin Rea,5,,,,, actual 5
255,2026-07-22T15:15:01.804564Z,2026-07-22,825055,Athletics @ Arizona Diamondbacks,2026-07-22T19:40:00Z,pitcher_strikeouts,over,4.5,draftkings,107,0.5330,-114,0.1034,9,1.5,won,1.6050,15,5,11,0,2026-07-23T15:08:19.451621Z,695611,Gage Jump,5,,,,, actual 5
256,2026-07-23T15:09:22.771422Z,2026-07-23,822785,Tampa Bay Rays @ Toronto Blue Jays,2026-07-23T19:07:00Z,moneyline,away,,betmgm,-110,0.5364,-116,0.0240,6,0.5,lost,-0.5000,3,1,3,1,2026-07-24T15:08:45.783324Z,,,,-115,0.5024,-0.0215,no,
257,2026-07-23T15:09:22.771422Z,2026-07-23,823042,Arizona Diamondbacks @ St. Louis Cardinals,2026-07-23T21:15:00Z,pitcher_strikeouts,over,3.5,draftkings,118,0.5075,-103,0.1064,8,1.5,lost,-1.5000,6,10,6,2,2026-07-24T15:08:45.783324Z,700241,Michael McGreevy,3,,,,, actual 3
258,2026-07-23T15:09:22.771422Z,2026-07-23,823042,Arizona Diamondbacks @ St. Louis Cardinals,2026-07-23T21:15:00Z,pitcher_strikeouts,under,3.5,draftkings,-106,0.5646,-130,0.0972,7,1.0,won,0.9434,6,10,6,2,2026-07-24T15:08:45.783324Z,694297,Brandon Pfaadt,1,,,,, actual 1
259,2026-07-23T15:09:22.771422Z,2026-07-23,824406,Minnesota Twins @ Cleveland Guardians,2026-07-23T17:10:00Z,moneyline,home,,draftkings,-149,0.6122,-158,0.0231,7,0.5,lost,-0.5000,1,3,1,0,2026-07-24T15:08:45.783324Z,,,,,,,,
260,2026-07-24T15:14:39.661853Z,2026-07-24,823352,Chicago Cubs @ Pittsburgh Pirates,2026-07-24T22:40:00Z,pitcher_strikeouts,under,5.5,draftkings,-124,0.6019,-151,0.0873,8,1.5,won,1.2097,2,3,1,0,2026-07-25T15:06:35.794323Z,571510,Matthew Boyd,4,,,,, actual 4
261,2026-07-24T15:14:39.661853Z,2026-07-24,823434,New York Yankees @ Philadelphia Phillies,2026-07-24T22:45:00Z,pitcher_strikeouts,under,7.5,draftkings,-132,0.6317,-172,0.1103,9,1.5,lost,-1.5000,0,1,1,0,2026-07-25T15:06:35.794323Z,693645,Cam Schlittler,12,,,,, actual 12
262,2026-07-25T15:12:35.738563Z,2026-07-25,823197,Los Angeles Angels @ San Francisco Giants,2026-07-25T20:05:00Z,total,over,9.0,draftkings,-110,0.5415,-118,0.0338,6,0.5,won,0.4545,9,2,9,0,2026-07-26T15:07:11.869090Z,,,,,,,,
263,2026-07-25T15:12:35.738563Z,2026-07-25,824734,Toronto Blue Jays @ Boston Red Sox,2026-07-25T20:10:00Z,pitcher_strikeouts,over,4.5,betmgm,-115,0.6077,-155,0.1362,8,1.5,lost,-1.5000,0,6,5,0,2026-07-26T15:07:11.869090Z,543243,Sonny Gray,3,,,,, actual 3
264,2026-07-25T15:12:35.738563Z,2026-07-25,824811,Atlanta Braves @ Baltimore Orioles,2026-07-25T23:05:00Z,pitcher_strikeouts,under,4.5,draftkings,116,0.5253,-111,0.1347,8,1.5,lost,-1.5000,3,2,2,0,2026-07-26T15:07:11.869090Z,693821,Bryce Elder,8,,,,, actual 8
265,2026-07-26T15:10:08.381332Z,2026-07-26,822950,Cleveland Guardians @ Tampa Bay Rays,2026-07-26T16:15:00Z,pitcher_strikeouts,under,4.5,draftkings,124,0.4810,108,0.0775,7,1.0,lost,-1.0000,1,0,1,0,2026-07-27T15:15:12.517269Z,656876,Drew Rasmussen,9,,,,, actual 9
266,2026-07-26T15:10:08.381332Z,2026-07-26,823028,Cincinnati Reds @ St. Louis Cardinals,2026-07-26T18:15:00Z,total,over,8.5,draftkings,-110,0.5373,-116,0.0258,6,0.5,lost,-0.5000,3,5,4,0,2026-07-27T15:15:12.517269Z,,,,,,,,
267,2026-08-01T15:13:26.275668Z,2026-08-01,824000,Milwaukee Brewers @ Los Angeles Angels,2026-08-02T01:38:00Z,pitcher_strikeouts,under,4.5,draftkings,123,0.5026,-101,0.1209,8,1.5,lost,-1.5000,1,3,2,1,2026-08-02T15:06:27.428614Z,688107,Robert Gasser,6,,,,, actual 6
268,2026-08-01T15:13:26.275668Z,2026-08-01,824485,Pittsburgh Pirates @ Cincinnati Reds,2026-08-01T22:40:00Z,pitcher_strikeouts,under,5.5,betmgm,-125,0.6294,-170,0.1329,8,1.5,won,1.2000,1,4,4,0,2026-08-02T15:06:27.428614Z,671096,Andrew Abbott,1,,,,, actual 1
269,2026-08-02T15:10:23.945595Z,2026-08-02,824323,Kansas City Royals @ Colorado Rockies,2026-08-02T19:10:00Z,pitcher_strikeouts,under,4.5,betmgm,-140,0.6556,-190,0.1240,9,1.5,won,1.0714,8,1,3,1,2026-08-03T15:14:01.460690Z,607625,Seth Lugo,3,,,,, actual 3
270,2026-08-02T15:10:23.945595Z,2026-08-02,824648,New York Yankees @ Chicago Cubs,2026-08-02T18:20:00Z,pitcher_strikeouts,over,6.5,betmgm,115,0.5162,-107,0.1097,9,1.5,lost,-1.5000,1,2,3,0,2026-08-03T15:14:01.460690Z,543037,Gerrit Cole,5,,,,, actual 5
271,2026-08-03T15:20:13.701001Z,2026-08-03,823757,Pittsburgh Pirates @ Milwaukee Brewers,2026-08-03T23:40:00Z,pitcher_strikeouts,under,4.5,draftkings,126,0.5077,-103,0.1475,8,1.5,lost,-1.5000,3,4,5,0,2026-08-04T15:14:09.433870Z,696149,Bubba Chandler,5,,,,, actual 5
272,2026-08-03T15:20:13.701001Z,2026-08-03,824647,Los Angeles Dodgers @ Chicago Cubs,2026-08-04T00:05:00Z,pitcher_strikeouts,under,4.5,draftkings,111,0.5115,-105,0.0794,8,1.5,won,1.6650,10,5,11,5,2026-08-04T15:14:09.433870Z,571510,Matthew Boyd,3,,,,, actual 3
273,2026-08-04T15:20:57.997098Z,2026-08-04,824161,Toronto Blue Jays @ Houston Astros,2026-08-05T00:10:00Z,moneyline,home,,draftkings,-131,0.5813,-139,0.0250,8,0.5,won,0.3817,7,2,8,0,2026-08-05T15:21:13.367083Z,,,,-136,0.5564,-0.0107,no,
274,2026-08-04T15:20:57.997098Z,2026-08-04,824484,Athletics @ Cincinnati Reds,2026-08-04T22:40:00Z,pitcher_strikeouts,under,4.5,draftkings,108,0.5499,-122,0.1437,8,1.5,lost,-1.5000,5,4,6,0,2026-08-05T15:21:13.367083Z,663903,Brady Singer,6,,,,, actual 6
275,2026-08-04T15:20:57.997098Z,2026-08-04,825054,San Diego Padres @ Arizona Diamondbacks,2026-08-05T01:40:00Z,pitcher_strikeouts,under,3.5,draftkings,129,0.4889,105,0.1195,9,1.5,lost,-1.5000,4,9,6,3,2026-08-05T15:21:13.367083Z,593958,Eduardo Rodriguez,4,,,,, actual 4
276,2026-08-05T15:27:15.265089Z,2026-08-05,824402,New York Mets @ Cleveland Guardians,2026-08-05T22:40:00Z,moneyline,away,,draftkings,-102,0.5177,-107,0.0252,7,0.5,won,0.4902,5,6,6,0,2026-08-06T15:33:01.618473Z,,,,-110,0.5043,-0.0006,no,
277,2026-08-05T15:27:15.265089Z,2026-08-05,824482,Athletics @ Cincinnati Reds,2026-08-05T22:40:00Z,pitcher_strikeouts,over,5.5,draftkings,118,0.5096,-104,0.1110,9,1.5,won,1.7700,3,2,3,1,2026-08-06T15:33:01.618473Z,682052,Jacob Lopez,9,,,,, actual 9
278,2026-08-05T15:27:15.265089Z,2026-08-05,824806,Los Angeles Angels @ Baltimore Orioles,2026-08-05T22:35:00Z,pitcher_strikeouts,under,5.5,draftkings,101,0.5499,-122,0.1053,8,1.5,lost,-1.5000,5,2,3,0,2026-08-06T15:33:01.618473Z,669432,Trevor Rogers,9,,,,, actual 9
279,2026-08-05T15:27:15.265089Z,2026-08-05,824806,Los Angeles Angels @ Baltimore Orioles,2026-08-05T22:35:00Z,moneyline,away,,draftkings,111,0.4902,104,0.0343,7,0.5,lost,-0.5000,5,2,3,0,2026-08-06T15:33:01.618473Z,,,,,,,,
280,2026-08-06T15:36:59.784828Z,2026-08-06,823105,Detroit Tigers @ Seattle Mariners,2026-08-06T20:10:00Z,moneyline,away,,draftkings,116,0.4746,111,0.0251,7,0.5,won,0.5800,0,11,4,3,2026-08-07T15:21:02.100910Z,,,,,,,,
281,2026-08-06T15:36:59.784828Z,2026-08-06,823754,Pittsburgh Pirates @ Milwaukee Brewers,2026-08-06T18:10:00Z,pitcher_strikeouts,under,5.5,betmgm,115,0.5298,-113,0.1391,8,1.5,won,1.7250,5,2,6,1,2026-08-07T15:21:02.100910Z,669160,Dustin May,5,,,,, actual 5
282,2026-08-06T15:36:59.784828Z,2026-08-06,824804,Los Angeles Angels @ Baltimore Orioles,2026-08-06T16:35:00Z,pitcher_strikeouts,under,5.5,draftkings,-125,0.6228,-165,0.1211,8,1.5,won,1.2000,1,4,4,0,2026-08-07T15:21:02.100910Z,687064,Brandon Young,4,,,,, actual 4
283,2026-08-07T15:28:06.267580Z,2026-08-07,823750,Minnesota Twins @ Milwaukee Brewers,2026-08-07T23:40:00Z,pitcher_strikeouts,under,4.5,betmgm,-105,0.5751,-135,0.1228,8,1.5,won,1.4286,6,8,12,1,2026-08-08T15:03:42.416595Z,805673,Zebby Matthews,4,,,,, actual 4
284,2026-08-07T15:28:06.267580Z,2026-08-07,824727,Athletics @ Boston Red Sox,2026-08-07T23:10:00Z,pitcher_strikeouts,over,4.5,betmgm,-110,0.5910,-145,0.1283,8,1.5,lost,-1.5000,13,1,10,0,2026-08-08T15:03:42.416595Z,678022,Jack Perkins,3,,,,, actual 3
285,2026-08-08T15:08:34.026233Z,2026-08-08,823021,Colorado Rockies @ St. Louis Cardinals,2026-08-08T23:15:00Z,pitcher_strikeouts,over,3.5,draftkings,-107,0.5762,-136,0.1147,8,1.5,lost,-1.5000,6,8,8,3,2026-08-09T15:06:08.067324Z,607536,Kyle Freeland,3,,,,, actual 3
286,2026-08-08T15:08:34.026233Z,2026-08-08,823188,Detroit Tigers @ San Francisco Giants,2026-08-08T23:15:00Z,moneyline,away,,draftkings,-112,0.5432,-119,0.0282,7,0.5,won,0.4464,0,8,0,0,2026-08-09T15:06:08.067324Z,,,,-115,0.5162,-0.0121,no,
287,2026-08-08T15:08:34.026233Z,2026-08-08,823267,Houston Astros @ San Diego Padres,2026-08-08T23:15:00Z,moneyline,away,,draftkings,108,0.4968,101,0.0333,7,0.5,lost,-0.5000,3,2,4,1,2026-08-09T15:06:08.067324Z,,,,108,0.4649,-0.0158,no,
288,2026-08-08T15:08:34.026233Z,2026-08-08,824726,Athletics @ Boston Red Sox,2026-08-08T20:10:00Z,pitcher_strikeouts,under,4.5,draftkings,108,0.5429,-119,0.1292,8,1.5,lost,-1.5000,3,7,5,2,2026-08-09T15:06:08.067324Z,687562,Jake Bennett,5,,,,, actual 5
289,2026-08-09T15:10:29.611283Z,2026-08-09,822700,Cincinnati Reds @ Washington Nationals,2026-08-09T16:15:00Z,moneyline,away,,draftkings,-103,0.5205,-109,0.0258,7,0.5,lost,-0.5000,7,1,4,0,2026-08-10T15:25:49.827154Z,,,,,,,,
290,2026-08-09T15:10:29.611283Z,2026-08-09,823190,Detroit Tigers @ San Francisco Giants,2026-08-09T20:05:00Z,moneyline,away,,draftkings,-119,0.5698,-132,0.0486,9,1.0,won,0.8403,1,3,0,0,2026-08-10T15:25:49.827154Z,,,,-123,0.5381,-0.0053,no,
291,2026-08-09T15:10:29.611283Z,2026-08-09,823268,Houston Astros @ San Diego Padres,2026-08-10T00:20:00Z,pitcher_strikeouts,over,3.5,draftkings,107,0.5388,-117,0.1153,8,1.5,lost,-1.5000,7,2,6,0,2026-08-10T15:25:49.827154Z,664299,Cristian Javier,2,,,,, actual 2
292,2026-08-09T15:10:29.611283Z,2026-08-09,823268,Houston Astros @ San Diego Padres,2026-08-10T00:20:00Z,moneyline,away,,draftkings,111,0.4976,101,0.0499,8,1.0,lost,-1.0000,7,2,6,0,2026-08-10T15:25:49.827154Z,,,,103,0.4768,0.0029,yes,
293,2026-08-09T15:10:29.611283Z,2026-08-09,823425,Toronto Blue Jays @ Philadelphia Phillies,2026-08-09T17:35:00Z,pitcher_strikeouts,over,3.5,draftkings,-126,0.6288,-169,0.1278,9,1.5,won,1.1905,7,6,6,0,2026-08-10T15:25:49.827154Z,669456,Shane Bieber,4,,,,, actual 4
294,2026-08-09T15:10:29.611283Z,2026-08-09,824564,Cleveland Guardians @ Chicago White Sox,2026-08-09T18:10:00Z,moneyline,home,,draftkings,120,0.4725,112,0.0395,6,0.5,won,0.6000,5,3,7,3,2026-08-10T15:25:49.827154Z,,,,116,0.4566,0.0020,yes,
295,2026-08-10T15:29:36.995964Z,2026-08-10,823189,Houston Astros @ San Francisco Giants,2026-08-11T01:45:00Z,moneyline,away,,draftkings,-147,0.6073,-155,0.0204,6,0.5,won,0.3401,3,6,3,1,2026-08-11T15:22:52.787175Z,,,,,,,,
296,2026-08-10T15:29:36.995964Z,2026-08-10,823998,Texas Rangers @ Los Angeles Angels,2026-08-11T01:38:00Z,pitcher_strikeouts,under,6.5,draftkings,-120,0.5861,-142,0.0745,8,1.5,lost,-1.5000,1,4,2,1,2026-08-11T15:22:52.787175Z,669022,MacKenzie Gore,9,,,,, actual 9
297,2026-08-10T15:29:36.995964Z,2026-08-10,824887,New York Mets @ Atlanta Braves,2026-08-10T23:15:00Z,pitcher_strikeouts,under,4.5,draftkings,-130,0.6046,-153,0.0697,6,0.5,won,0.3846,5,8,12,7,2026-08-11T15:22:52.787175Z,693821,Bryce Elder,4,,,,, actual 4
298,2026-08-10T15:29:36.995964Z,2026-08-10,824887,New York Mets @ Atlanta Braves,2026-08-10T23:15:00Z,moneyline,away,,draftkings,132,0.4531,121,0.0512,8,1.5,won,1.9800,5,8,12,7,2026-08-11T15:22:52.787175Z,,,,110,0.4540,0.0229,yes,
299,2026-08-10T15:29:36.995964Z,2026-08-10,825048,Colorado Rockies @ Arizona Diamondbacks,2026-08-11T01:40:00Z,pitcher_strikeouts,over,3.5,draftkings,-122,0.5979,-149,0.0880,7,1.0,lost,-1.0000,9,0,7,4,2026-08-11T15:22:52.787175Z,687312,Gabriel Hughes,3,,,,, actual 3
300,2026-08-11T15:25:37.528708Z,2026-08-11,822778,Boston Red Sox @ Toronto Blue Jays,2026-08-11T23:07:00Z,moneyline,away,,draftkings,127,0.4548,120,0.0324,7,0.5,lost,-0.5000,5,3,6,0,2026-08-12T15:27:07.458576Z,,,,-131,0.5468,0.1062,yes,
301,2026-08-11T15:25:37.528708Z,2026-08-11,823512,Seattle Mariners @ New York Yankees,2026-08-11T23:05:00Z,pitcher_strikeouts,under,6.5,betmgm,-140,0.6352,-174,0.0889,7,1.0,won,0.7143,4,1,0,0,2026-08-12T15:27:07.458576Z,693433,Bryan Woo,5,,,,, actual 5
302,2026-08-11T15:25:37.528708Z,2026-08-11,824886,New York Mets @ Atlanta Braves,2026-08-11T23:15:00Z,pitcher_strikeouts,over,5.5,draftkings,-142,0.6277,-169,0.0697,6,0.5,lost,-0.5000,4,0,1,0,2026-08-12T15:27:07.458576Z,690997,Nolan McLean,3,,,,, actual 3
303,2026-08-11T15:25:37.528708Z,2026-08-11,824970,Tampa Bay Rays @ Athletics,2026-08-12T01:40:00Z,pitcher_strikeouts,over,3.5,betmgm,120,0.5026,-101,0.1058,8,1.5,lost,-1.5000,4,12,8,2,2026-08-12T15:27:07.458576Z,686930,Mason Barnett,0,,,,, actual 0
304,2026-08-12T15:34:23.727361Z,2026-08-12,823833,Pittsburgh Pirates @ Miami Marlins,2026-08-12T22:40:00Z,pitcher_strikeouts,over,3.5,betmgm,-105,0.5832,-140,0.1387,9,1.5,lost,-1.5000,8,2,8,0,2026-08-13T15:38:50.798646Z,669387,Carmen Mlodzinski,1,,,,, actual 1
305,2026-08-12T15:34:23.727361Z,2026-08-12,825047,Colorado Rockies @ Arizona Diamondbacks,2026-08-12T19:40:00Z,pitcher_strikeouts,under,4.5,draftkings,113,0.5269,-111,0.1224,9,1.5,won,1.6950,4,6,8,1,2026-08-13T15:38:50.798646Z,518876,Merrill Kelly,2,,,,, actual 2
306,2026-08-13T15:41:51.400631Z,2026-08-13,822696,Chicago Cubs @ Washington Nationals,2026-08-13T20:05:00Z,pitcher_strikeouts,under,4.5,draftkings,124,0.4930,103,0.1043,8,1.5,lost,-1.5000,7,0,6,0,2026-08-14T15:31:35.503020Z,592332,Kevin Gausman,7,,,,, actual 7
307,2026-08-13T15:41:51.400631Z,2026-08-13,823669,Philadelphia Phillies @ Minnesota Twins,2026-08-13T23:30:00Z,pitcher_strikeouts,under,5.5,draftkings,111,0.5249,-110,0.1075,9,1.5,won,1.6650,1,7,6,2,2026-08-14T15:31:35.503020Z,671737,Taj Bradley,3,,,,, actual 3
308,2026-08-13T15:41:51.400631Z,2026-08-13,823829,Pittsburgh Pirates @ Miami Marlins,2026-08-13T17:10:00Z,moneyline,home,,draftkings,111,0.4911,104,0.0362,7,1.0,lost,-1.0000,1,13,2,0,2026-08-14T15:31:35.503020Z,,,,,,,,
309,2026-08-14T15:37:43.201342Z,2026-08-14,823185,Colorado Rockies @ San Francisco Giants,2026-08-15T02:15:00Z,pitcher_strikeouts,under,5.5,betmgm,115,0.5298,-113,0.1391,9,1.5,won,1.7250,2,5,3,0,2026-08-15T14:58:48.722699Z,694738,Landen Roupp,5,,,,, actual 5
310,2026-08-14T15:37:43.201342Z,2026-08-14,823591,Washington Nationals @ New York Mets,2026-08-14T23:10:00Z,moneyline,home,,draftkings,-113,0.5420,-118,0.0216,6,0.5,won,0.4425,4,1,1,0,2026-08-15T14:58:48.722699Z,,,,-114,0.5220,-0.0085,no,
311,2026-08-14T15:37:43.201342Z,2026-08-14,824159,Seattle Mariners @ Houston Astros,2026-08-15T00:10:00Z,moneyline,home,,draftkings,-119,0.5588,-127,0.0284,7,0.5,won,0.4202,10,7,7,3,2026-08-15T14:58:48.722699Z,,,,-126,0.5333,-0.0100,no,
312,2026-08-14T15:37:43.201342Z,2026-08-14,824479,Miami Marlins @ Cincinnati Reds,2026-08-14T22:10:00Z,pitcher_strikeouts,under,6.5,betmgm,-115,0.5931,-146,0.1088,8,1.5,lost,-1.5000,1,0,0,0,2026-08-15T14:58:48.722699Z,695505,Chase Burns,8,,,,, actual 8
313,2026-08-15T15:03:26.862038Z,2026-08-15,823671,Philadelphia Phillies @ Minnesota Twins,2026-08-15T23:10:00Z,pitcher_strikeouts,over,5.5,draftkings,127,0.5043,-102,0.1448,8,1.5,won,1.9050,1,9,8,0,2026-08-16T14:59:01.809045Z,687570,Connor Prielipp,6,,,,, actual 6
314,2026-08-15T15:03:26.862038Z,2026-08-15,824480,Miami Marlins @ Cincinnati Reds,2026-08-15T22:40:00Z,pitcher_strikeouts,under,4.5,betmgm,115,0.5201,-108,0.1182,9,1.5,won,1.7250,4,8,7,0,2026-08-16T14:59:01.809045Z,663903,Brady Singer,4,,,,, actual 4
315,2026-08-16T15:04:28.337695Z,2026-08-16,823991,Kansas City Royals @ Los Angeles Angels,2026-08-16T20:07:00Z,pitcher_strikeouts,under,5.5,draftkings,123,0.5052,-102,0.1265,9,1.5,lost,-1.5000,0,3,2,0,2026-08-17T15:01:12.019295Z,702070,Noah Cameron,8,,,,, actual 8
316,2026-08-16T15:04:28.337695Z,2026-08-16,824156,Seattle Mariners @ Houston Astros,2026-08-16T23:20:00Z,moneyline,home,,draftkings,-118,0.5554,-125,0.0261,7,0.5,lost,-0.5000,2,3,3,1,2026-08-17T15:01:12.019295Z,,,,-119,0.5414,0.0001,yes,
317,2026-08-16T15:04:28.337695Z,2026-08-16,824880,Arizona Diamondbacks @ Atlanta Braves,2026-08-16T17:35:00Z,pitcher_strikeouts,over,3.5,draftkings,-130,0.6253,-167,0.1062,9,1.5,won,1.1538,5,3,3,0,2026-08-17T15:01:12.019295Z,693821,Bryce Elder,5,,,,, actual 5
318,2026-08-17T15:06:17.033633Z,2026-08-17,822939,Baltimore Orioles @ Tampa Bay Rays,2026-08-17T22:05:00Z,pitcher_strikeouts,over,3.5,draftkings,-127,0.6210,-164,0.1100,9,1.5,lost,-1.5000,7,6,10,0,2026-08-18T15:06:31.470973Z,687064,Brandon Young,3,,,,, actual 3
319,2026-08-17T15:06:17.033633Z,2026-08-17,824514,St. Louis Cardinals @ Cincinnati Reds,2026-08-17T17:40:00Z,moneyline,away,,draftkings,-108,0.5287,-112,0.0182,6,0.5,won,0.4630,1,2,3,2,2026-08-18T15:06:31.470973Z,,,,-117,0.5242,0.0050,yes,
320,2026-08-17T15:06:17.033633Z,2026-08-17,824641,Chicago White Sox @ Chicago Cubs,2026-08-18T00:05:00Z,pitcher_strikeouts,under,5.5,betmgm,110,0.5298,-113,0.1126,9,1.5,lost,-1.5000,7,5,7,2,2026-08-18T15:06:31.470973Z,684007,Shota Imanaga,10,,,,, actual 10
321,2026-08-18T15:10:53.523363Z,2026-08-18,824475,St. Louis Cardinals @ Cincinnati Reds,2026-08-18T22:40:00Z,pitcher_strikeouts,over,5.5,draftkings,121,0.5030,-101,0.1116,9,1.5,won,1.8150,0,3,1,0,2026-08-19T15:07:01.194356Z,681517,Kyle Leahy,6,,,,, actual 6
322,2026-08-18T15:10:53.523363Z,2026-08-18,824803,New York Yankees @ Baltimore Orioles,2026-08-18T22:35:00Z,pitcher_strikeouts,under,5.5,draftkings,122,0.4933,103,0.0951,8,1.5,lost,-1.5000,1,3,2,0,2026-08-19T15:07:01.194356Z,669358,Shane Baz,10,,,,, actual 10
323,2026-09-01T15:23:42.006829Z,2026-09-01,822929,New York Mets @ Tampa Bay Rays,2026-09-01T22:40:00Z,pitcher_strikeouts,over,4.5,betmgm,-110,0.5792,-138,0.1057,9,1.5,pending,,,,,,,640455,Sean Manaea,,,,,,
324,2026-09-01T15:23:42.006829Z,2026-09-01,823661,Detroit Tigers @ Minnesota Twins,2026-09-01T23:40:00Z,moneyline,home,,draftkings,-107,0.5375,-116,0.0398,8,1.0,pending,,,,,,,,,,-115,0.5108,-0.0061,no,
325,2026-09-01T15:23:42.006829Z,2026-09-01,823908,St. Louis Cardinals @ Los Angeles Dodgers,2026-09-02T02:10:00Z,pitcher_strikeouts,over,3.5,betmgm,115,0.5133,-105,0.1036,9,1.5,pending,,,,,,,700241,Michael McGreevy,,,,,,
